time,temp,dwpt,rhum,prcp,snow,wdir,wspd,wpgt,pres,tsun,coco,future_temp
2025-01-01 00:00:00,-0.6,-5.6,69,0,,290,20.5,,1021.2,,3,0
2025-01-01 01:00:00,-1.1,-6.1,69,0,,300,25.9,,1021.3,,3,0
2025-01-01 02:00:00,-1.7,-7.2,66,0,,310,25.9,,1021.7,,3,0
2025-01-01 03:00:00,-1.7,-7.8,63,0,,310,27.7,,1022.5,,3,0
2025-01-01 04:00:00,-2.2,-8.3,63,0,,310,24.1,,1022.7,,3,0
2025-01-01 05:00:00,-2.2,-8.3,63,0,,310,18.4,,1022.5,,3,0
2025-01-01 06:00:00,-2.2,-7.1,69,0,,310,13,,1022.9,,1,0
2025-01-01 07:00:00,-2.2,-7.1,69,0,,290,13,,1023.4,,1,0
2025-01-01 08:00:00,-1.7,-7.2,66,0,,300,18.4,,1023.4,,1,0
2025-01-01 09:00:00,-2.2,-8.3,63,0,,290,25.9,,1024.7,,1,0
2025-01-01 10:00:00,-2.2,-8.9,60,0,,310,35.3,,1025.6,,1,0
2025-01-01 11:00:00,-2.2,-8.9,60,0,,290,25.9,,1025.4,,1,0
2025-01-01 12:00:00,-1.7,-8.2,61,0,,310,27.7,,1025.1,,3,0
2025-01-01 13:00:00,-0.6,-7.2,61,0,,300,24.1,,1024.2,,3,0
2025-01-01 14:00:00,-1.1,-7.2,63,0,,270,20.5,,1023.8,,3,0
2025-01-01 15:00:00,-0.6,-6.8,63,0,,290,18.4,,1023.8,,3,0
2025-01-01 16:00:00,-0.6,-6.8,63,0,,290,16.6,,1023.9,,3,0
2025-01-01 17:00:00,-1.1,-5.5,72,0,,240,9.4,,1023.9,,3,0
2025-01-01 18:00:00,-2.8,-6.1,78,0,,260,9.4,,1023.9,,3,0
2025-01-01 19:00:00,-5.6,-7.3,88,0,,220,7.6,,1024,,1,0
2025-01-01 20:00:00,-5.6,-7.3,88,0,,260,5.4,,1023.9,,1,0
2025-01-01 21:00:00,-6.1,-8.4,84,0,,250,11.2,,1024,,1,0
2025-01-01 22:00:00,-5,-8.2,78,0,,0,0,,1024.5,,2,0
2025-01-01 23:00:00,-6.1,-8.4,84,0,,0,0,,1024.6,,3,0
2025-01-02 00:00:00,-5,-7.3,84,0,,0,0,,1024.3,,3,0
2025-01-02 01:00:00,-4.4,-6.1,88,0,,0,0,,1024.5,,3,0
2025-01-02 02:00:00,-4.4,-6.7,84,0,,0,0,,1024.4,,3,0
2025-01-02 03:00:00,-5.6,-7.3,88,0,,0,0,,1024.7,,3,0
2025-01-02 04:00:00,-5,-6.7,88,0,,0,0,,1024.8,,3,0
2025-01-02 05:00:00,-4.4,-6.7,84,0,,0,0,,1024.7,,3,
2025-01-02 06:00:00,-4.4,-6.7,84,,,80,7.6,,1024.9,,3,0.5
2025-01-02 07:00:00,-4.4,-6.1,88,0.5,,100,9.4,,1024.7,,15,1.5
2025-01-02 08:00:00,-3.9,-5.6,88,1.5,,90,5.4,,1024.7,,15,0.2
2025-01-02 09:00:00,-3.9,-5.6,88,0.2,,40,7.6,,1025,,16,1.5
2025-01-02 10:00:00,-3.9,-5.6,88,1.5,,40,9.4,,1026.3,,16,0.8
2025-01-02 11:00:00,-3.9,-6,85,0.8,,40,13,,1026.3,,15,0.3
2025-01-02 12:00:00,-3.9,-6.7,81,0.3,,20,13,,1026,,15,
2025-01-02 13:00:00,-2.8,-6.8,74,,,30,13,,1025.2,,3,
2025-01-02 14:00:00,-2.8,-6.8,74,,,360,13,,1025.4,,3,0
2025-01-02 15:00:00,-2.8,-7.9,68,0,,340,18.4,,1026.1,,3,0
2025-01-02 16:00:00,-3.9,-8.2,72,0,,270,7,,1026.8,,1,0
2025-01-02 17:00:00,-8.9,-11.1,84,0,,270,7.6,,1027.1,,1,0
2025-01-02 18:00:00,-11.1,-12.8,87,0,,300,11.2,,1027.7,,1,0
2025-01-02 19:00:00,-10.6,-12.2,88,0,,300,13,,1028.4,,1,0
2025-01-02 20:00:00,-12.8,-14.4,88,0,,260,9.4,,1028.8,,1,0
2025-01-02 21:00:00,-7.8,-10.6,80,0,,280,11.2,,1028.8,,1,0
2025-01-02 22:00:00,-6.7,-8.9,84,0,,260,11.2,,1028.7,,1,0
2025-01-02 23:00:00,-8.3,-11.8,76,0,,270,14.8,,1029.6,,3,0
2025-01-03 00:00:00,-6.1,-9.3,78,0,,300,14.8,,1030,,1,0
2025-01-03 01:00:00,-6.7,-10,77,0,,340,22.3,,1030.5,,1,0
2025-01-03 02:00:00,-7.8,-11.6,74,0,,340,24.1,,1030.8,,1,0
2025-01-03 03:00:00,-9.4,-13.3,73,0,,340,14.8,,1031.4,,1,0
2025-01-03 04:00:00,-10.6,-14.3,74,0,,330,16.6,,1031.1,,2,0
2025-01-03 05:00:00,-10.6,-14.3,74,0,,310,13,,1031.5,,2,0
2025-01-03 06:00:00,-17.2,-18.8,87,0,,310,9.4,,1031.6,,3,0
2025-01-03 07:00:00,-15,-17.8,79,0,,300,9.4,,1032.1,,3,0
2025-01-03 08:00:00,-12.2,-14.3,84,0,,270,11.2,,1032.3,,3,0
2025-01-03 09:00:00,-10.6,-13.8,77,0,,310,14.8,,1032.4,,3,0
2025-01-03 10:00:00,-10,-13.9,73,0,,310,16.6,,1033.3,,3,0
2025-01-03 11:00:00,-8.9,-12.8,73,0,,310,16.6,,1034.1,,3,0
2025-01-03 12:00:00,-8.3,-12.8,70,0,,310,22.3,,1033.3,,2,0
2025-01-03 13:00:00,-7.8,-13.2,65,0,,298,13.7,,1032.6,,3,0
2025-01-03 14:00:00,-7.2,-13.2,62,0,,320,11,,1032.3,,1,0
2025-01-03 15:00:00,-6.7,-12.2,65,0,,320,11.2,,1032.1,,1,0
2025-01-03 16:00:00,-6.7,-12.8,62,0,,320,14.8,,1032.3,,1,0
2025-01-03 17:00:00,-11.1,-15.6,69,0,,260,13,,1032.8,,1,0
2025-01-03 18:00:00,-13.9,-17.2,76,0,,260,13,,1033.2,,1,0
2025-01-03 19:00:00,-14.4,-17.2,79,0,,260,14.8,,1033.3,,1,0
2025-01-03 20:00:00,-12.2,-15.5,76,0,,270,14.8,,1033.3,,1,0
2025-01-03 21:00:00,-12.2,-16.7,69,0,,320,14.8,,1033.1,,1,0
2025-01-03 22:00:00,-12.2,-16,73,0,,320,11.2,,1033.4,,1,0
2025-01-03 23:00:00,-12.2,-16,73,0,,310,13,,1033.8,,1,0
2025-01-04 00:00:00,-12.8,-17.1,70,0,,330,18.4,,1033.7,,1,0
2025-01-04 01:00:00,-13.3,-17.8,69,0,,310,13,,1033.7,,1,0
2025-01-04 02:00:00,-13.3,-17.8,69,0,,350,18.4,,1033.4,,1,0
2025-01-04 03:00:00,-14.4,-17.8,75,0,,340,18.4,,1033.8,,1,0
2025-01-04 04:00:00,-15,-18.3,76,0,,340,14.8,,1033.8,,2,0
2025-01-04 05:00:00,-15,-18.3,76,0,,350,13,,1033.7,,3,0
2025-01-04 06:00:00,-15.6,-18.2,80,0,,340,11.2,,1034,,3,0
2025-01-04 07:00:00,-15.6,-18.2,80,0,,340,16.6,,1034,,3,0
2025-01-04 08:00:00,-15.6,-18.2,80,0,,340,13,,1033.8,,3,0
2025-01-04 09:00:00,-15,-18.3,76,0,,360,13,,1033.8,,3,0
2025-01-04 10:00:00,-13.9,-18.3,69,0,,360,13,,1033.7,,3,0
2025-01-04 11:00:00,-12.8,-18.4,63,0,,10,9.4,,1033.9,,3,0
2025-01-04 12:00:00,-12.2,-17.8,63,0,,0,0,,1033,,3,0
2025-01-04 13:00:00,-11.1,-16.7,63,0,,350,9.4,,1031.6,,3,0
2025-01-04 14:00:00,-10.6,-16.6,61,0,,340,11.2,,1031,,3,0
2025-01-04 15:00:00,-10,-16.7,58,0,,10,13,,1029.6,,3,0
2025-01-04 16:00:00,-9.4,-16.1,58,0,,50,11.2,,1029.5,,3,0
2025-01-04 17:00:00,-8.9,-15.6,58,0,,40,14.8,,1029,,3,0
2025-01-04 18:00:00,-8.3,-14.3,62,0,,0,0,,1029.3,,3,0
2025-01-04 19:00:00,-7.8,-14.4,59,0,,0,0,,1029.6,,3,0
2025-01-04 20:00:00,-7.8,-15,56,0,,30,13,,1029.5,,3,0
2025-01-04 21:00:00,-7.8,-14.4,59,0,,20,11.2,,1029.5,,3,0
2025-01-04 22:00:00,-7.8,-15.5,54,0,,20,14.8,,1029.6,,3,0
2025-01-04 23:00:00,-7.8,-15,56,0,,20,13,,1029.6,,3,0
2025-01-05 00:00:00,-8.3,-15.5,56,0,,20,16.6,,1029.2,,3,0
2025-01-05 01:00:00,-8.9,-15.6,58,0,,20,20.5,,1028.6,,3,0
2025-01-05 02:00:00,-9.4,-15.5,61,0,,20,20.5,,1028.4,,3,0
2025-01-05 03:00:00,-9.4,-16.1,58,0,,20,20.5,,1028.2,,3,0
2025-01-05 04:00:00,-10,-16.1,61,0,,20,24.1,,1027.5,,3,0
2025-01-05 05:00:00,-10.6,-17.2,58,0,,20,14.8,,1027.6,,3,0
2025-01-05 06:00:00,-10.6,-18.3,53,0,,20,20.5,,1027.5,,3,0
2025-01-05 07:00:00,-10.6,-18.3,53,0,,20,14.8,,1027.6,,3,0
2025-01-05 08:00:00,-10.6,-19,50,0,,20,20.5,,1026.9,,3,0
2025-01-05 09:00:00,-11.1,-19.5,50,0,,20,20.5,,1027.4,,3,0
2025-01-05 10:00:00,-11.1,-18.8,53,0,,10,16.6,,1028.2,,3,0
2025-01-05 11:00:00,-10.6,-18.3,53,0,,20,24.1,,1027.5,,3,0
2025-01-05 12:00:00,-10.6,-19,50,0,,360,24.1,,1026.3,,3,0
2025-01-05 13:00:00,-9.4,-18.4,48,0,,360,25.9,,1024.5,,3,0
2025-01-05 14:00:00,-8.9,-18.4,46,0,,10,27.7,,1023.4,,3,0
2025-01-05 15:00:00,-8.3,-17.1,49,0,,350,22.3,,1023.7,,3,0
2025-01-05 16:00:00,-8.3,-16.6,51,0,,350,24.1,,1024.4,,3,0
2025-01-05 17:00:00,-8.3,-15.5,56,0,,340,29.5,,1025,,3,0
2025-01-05 18:00:00,-8.9,-15.6,58,0,,340,29.5,,1025.4,,3,0
2025-01-05 19:00:00,-8.9,-15,61,0,,350,25.9,,1025.8,,3,0
2025-01-05 20:00:00,-8.9,-15,61,0,,350,27.7,,1025.9,,3,0
2025-01-05 21:00:00,-9.4,-15.5,61,0,,360,29.5,,1026,,3,0
2025-01-05 22:00:00,-10,-17.1,56,0,,10,22.3,,1026.5,,3,0
2025-01-05 23:00:00,-10.6,-17.7,56,0,,10,27.7,,1026.5,,3,0
2025-01-06 00:00:00,-10.6,-18.3,53,0,,360,25.9,,1026.6,,3,0
2025-01-06 01:00:00,-11.7,-18.3,58,0,,340,20.5,,1026.5,,3,0
2025-01-06 02:00:00,-12.2,-18.4,60,0,,350,20.5,,1026.7,,3,0
2025-01-06 03:00:00,-12.8,-18.4,63,0,,350,18.4,,1027.2,,3,0
2025-01-06 04:00:00,-12.8,-18.4,63,0,,350,18.4,,1027.5,,3,0
2025-01-06 05:00:00,-12.8,-18.9,60,0,,330,16.6,,1028,,3,0
2025-01-06 06:00:00,-12.8,-18.9,60,0,,340,18.4,,1028.2,,3,0
2025-01-06 07:00:00,-12.8,-18.9,60,0,,340,24.1,,1028.9,,2,0
2025-01-06 08:00:00,-13.3,-19.4,60,0,,340,25.9,,1029.4,,1,0
2025-01-06 09:00:00,-13.3,-19.4,60,0,,340,25.9,,1030.4,,1,0
2025-01-06 10:00:00,-12.8,-18.9,60,0,,350,25.9,,1031.1,,1,0
2025-01-06 11:00:00,-11.1,-16.7,63,0,,340,20.5,,1031.1,,1,0
2025-01-06 12:00:00,-9.4,-14.9,64,0,,330,20.5,,1030.3,,1,0
2025-01-06 13:00:00,-7.8,-13.2,65,0,,340,18.4,,1029.5,,1,0
2025-01-06 14:00:00,-6.7,-12.8,62,0,,340,25.9,,1029.3,,1,0
2025-01-06 15:00:00,-5.6,-12.7,57,0,,350,20.5,,1029.6,,1,0
2025-01-06 16:00:00,-5.6,-13.2,55,0,,340,13,,1030.1,,1,0
2025-01-06 17:00:00,-6.7,-14.4,54,0,,340,13,,1030.5,,1,0
2025-01-06 18:00:00,-8.3,-15.1,58,0,,340,13,,1030.9,,1,0
2025-01-06 19:00:00,-8.9,-15.6,58,0,,340,13,,1031.4,,1,0
2025-01-06 20:00:00,-10.6,-16.6,61,0,,350,14.8,,1031.9,,3,0
2025-01-06 21:00:00,-11.1,-16.7,63,0,,350,11.2,,1032.2,,3,0
2025-01-06 22:00:00,-12.2,-17.2,66,0,,350,11.2,,1032.7,,3,0
2025-01-06 23:00:00,-13.3,-18.3,66,0,,350,5.4,,1033,,3,0
2025-01-07 00:00:00,-13.3,-18.3,66,0,,340,11.2,,1032.8,,3,0
2025-01-07 01:00:00,-13.3,-18.3,66,0,,340,11.2,,1032.6,,3,0
2025-01-07 02:00:00,-13.3,-18.3,66,0,,340,9.4,,1032.8,,3,0
2025-01-07 03:00:00,-13.3,-17.8,69,0,,360,9.4,,1032.9,,3,0
2025-01-07 04:00:00,-13.9,-18.3,69,0,,0,0,,1033.1,,3,0
2025-01-07 05:00:00,-12.8,-17.1,70,0,,340,11.2,,1033.1,,3,0
2025-01-07 06:00:00,-13.3,-17.8,69,0,,350,7.6,,1033.4,,3,0
2025-01-07 07:00:00,-13.3,-17.8,69,0,,350,7.6,,1034,,3,0
2025-01-07 08:00:00,-12.2,-17.2,66,0,,330,9.4,,1034.1,,3,0
2025-01-07 09:00:00,-12.2,-16.7,69,0,,330,11.2,,1034.5,,3,0
2025-01-07 10:00:00,-10.6,-16.1,64,0,,350,9.4,,1035.1,,3,0
2025-01-07 11:00:00,-8.9,-15,61,0,,350,7.6,,1035.3,,3,0
2025-01-07 12:00:00,-8.3,-15.1,58,0,,290,11.2,,1034.7,,3,0
2025-01-07 13:00:00,-7.2,-13.8,59,0,,320,13,,1034,,3,0
2025-01-07 14:00:00,-6.1,-13.2,57,0,,320,13,,1033.5,,3,0
2025-01-07 15:00:00,-6.1,-12.8,59,0,,320,13,,1033.4,,3,0
2025-01-07 16:00:00,-5.6,-12.7,57,0,,300,11.2,,1033.6,,3,0
2025-01-07 17:00:00,-5.6,-12.7,57,0,,310,13,,1033.7,,3,0
2025-01-07 18:00:00,-5.6,-13.2,55,0,,310,14.8,,1034.3,,1,0
2025-01-07 19:00:00,-6.1,-13.9,54,0,,320,11.2,,1034.4,,2,0
2025-01-07 20:00:00,-6.7,-15.6,49,0,,350,16.6,,1034.7,,3,0
2025-01-07 21:00:00,-7.2,-15.6,51,0,,340,14.8,,1035,,3,0
2025-01-07 22:00:00,-9.4,-16.7,55,0,,330,14.8,,1035.3,,3,0
2025-01-07 23:00:00,-10,-17.7,53,0,,330,13,,1035.2,,2,0
2025-01-08 00:00:00,-10,-17.7,53,0,,330,18.4,,1035.1,,1,0
2025-01-08 01:00:00,-10.6,-18.3,53,0,,340,16.6,,1034.9,,1,0
2025-01-08 02:00:00,-12.2,-18.4,60,0,,310,11.2,,1034.3,,1,0
2025-01-08 03:00:00,-12.8,-18.4,63,0,,320,13,,1034.8,,1,0
2025-01-08 04:00:00,-13.3,-18.8,63,0,,310,13,,1034.2,,1,0
2025-01-08 05:00:00,-13.3,-18.8,63,0,,310,14.8,,1034.4,,1,0
2025-01-08 06:00:00,-15.6,-20,69,0,,310,11.2,,1033.7,,1,0
2025-01-08 07:00:00,-16.7,-18.9,83,0,,0,0,,1033.5,,1,0
2025-01-08 08:00:00,-16.1,-18.9,79,0,,300,7.6,,1033.7,,1,0
2025-01-08 09:00:00,-15.6,-19.3,73,0,,250,11,,1033.3,,1,0
2025-01-08 10:00:00,-13.3,-17.3,72,0,,250,11.2,,1032.5,,1,0
2025-01-08 11:00:00,-12.2,-16,73,0,,230,9.4,,1031.9,,1,0
2025-01-08 12:00:00,-10.6,-15,70,0,,250,13,,1030.5,,1,0
2025-01-08 13:00:00,-8.9,-15,61,0,,230,14.8,,1029,,1,0
2025-01-08 14:00:00,-5,-13.3,52,0,,210,11.2,,1027.4,,1,0
2025-01-08 15:00:00,-6.7,-13.4,59,0,,220,16.6,,1026.3,,1,0
2025-01-08 16:00:00,-6.7,-12.2,65,0,,220,13,,1025.8,,3,0
2025-01-08 17:00:00,-8.3,-12.1,74,0,,190,5.4,,1024.7,,2,0
2025-01-08 18:00:00,-12.8,-15.5,80,0,,160,5.4,,1024.2,,2,0
2025-01-08 19:00:00,-13.3,-15.6,83,0,,170,9.4,,1023.6,,1,0
2025-01-08 20:00:00,-11.7,-14.4,80,0,,200,9.4,,1023.3,,2,0
2025-01-08 21:00:00,-10,-14.4,70,0,,210,13,,1022.9,,1,0
2025-01-08 22:00:00,-10.6,-13.8,77,0,,180,13,,1022.6,,1,0
2025-01-08 23:00:00,-11.1,-14.3,77,0,,180,14.8,,1022.3,,2,0
2025-01-09 00:00:00,-11.7,-15.1,76,0,,170,11.2,,1021.8,,2,0
2025-01-09 01:00:00,-12.2,-14.9,80,0,,170,9.4,,1021.3,,2,0
2025-01-09 02:00:00,-12.8,-15.5,80,0,,170,11.2,,1020.9,,2,0
2025-01-09 03:00:00,-14.4,-16.1,87,0,,120,7.6,,1021,,2,0
2025-01-09 04:00:00,-12.8,-15.5,80,0,,150,13,,1020.3,,3,0
2025-01-09 05:00:00,-12.2,-14.3,84,0,,140,9.4,,1019.6,,3,0
2025-01-09 06:00:00,-12.8,-14.9,84,0,,140,11.2,,1019.6,,3,0
2025-01-09 07:00:00,-12.8,-14.9,84,0,,130,5.4,,1019.5,,5,0
2025-01-09 08:00:00,-11.1,-13.3,84,0,,140,5.4,,1019,,3,0
2025-01-09 09:00:00,-7.2,-10.1,80,0,,180,13,,1019.2,,3,0
2025-01-09 10:00:00,-6.7,-9.4,81,0,,180,13,,1019.6,,3,0
2025-01-09 11:00:00,-5.6,-8.8,78,0,,200,13,,1019.7,,3,0
2025-01-09 12:00:00,-3.3,-7.3,74,0,,200,14.8,,1018.8,,3,0
2025-01-09 13:00:00,-2.2,-6.7,71,0,,210,16.6,,1018.3,,3,0
2025-01-09 14:00:00,-1.1,-5.5,72,0,,210,18.4,,1017.3,,1,0
2025-01-09 15:00:00,0,-4.4,72,0,,220,20.5,,1017.4,,1,0
2025-01-09 16:00:00,-0.6,-4.3,76,0,,260,14.8,,1017.5,,1,0
2025-01-09 17:00:00,-0.6,-5,72,0,,260,18.4,,1018.3,,1,0
2025-01-09 18:00:00,-0.6,-5,72,0,,270,14.8,,1018.8,,2,0
2025-01-09 19:00:00,-1.1,-4.4,78,0,,260,11.2,,1019,,3,0
2025-01-09 20:00:00,-0.6,-4,78,0,,260,9.4,,1018.5,,3,0
2025-01-09 21:00:00,-0.6,-4,78,0,,320,18.4,,1018.2,,3,0
2025-01-09 22:00:00,-1.1,-4.4,78,0,,320,22.3,,1018.2,,3,0
2025-01-09 23:00:00,-1.1,-4.4,78,0,,340,22.3,,1018.5,,3,0
2025-01-10 00:00:00,-1.1,-3.9,81,0,,330,11.2,,1018.5,,3,0
2025-01-10 01:00:00,-1.1,-3.3,85,0,,280,5.4,,1018.5,,3,0
2025-01-10 02:00:00,-1.1,-3.3,85,0,,300,7.6,,1017.8,,3,0
2025-01-10 03:00:00,-1.1,-3.3,85,0,,280,5.4,,1018,,3,0
2025-01-10 04:00:00,-0.6,-3.3,82,0,,310,11.2,,1016.9,,3,0
2025-01-10 05:00:00,-0.6,-4,78,0,,310,14.8,,1016.9,,3,0
2025-01-10 06:00:00,-0.6,-4,78,0,,310,11.2,,1016.8,,3,0
2025-01-10 07:00:00,-1.1,-4.4,78,0,,320,11.2,,1016.7,,3,0
2025-01-10 08:00:00,-1.1,-5,75,0,,320,11.2,,1016,,3,0
2025-01-10 09:00:00,-1.1,-4.4,78,0,,300,11.2,,1015.7,,3,0
2025-01-10 10:00:00,-1.1,-4.4,78,0,,290,18.4,,1015.4,,3,0
2025-01-10 11:00:00,-1.1,-5,75,0,,300,13,,1015.3,,3,0
2025-01-10 12:00:00,-1.1,-5,75,0,,270,14.8,,1014.2,,3,0
2025-01-10 13:00:00,-1.7,-5.5,75,0,,290,16.6,,1013.1,,3,0
2025-01-10 14:00:00,-2.2,-5.5,78,0,,300,14.8,,1012.2,,3,0
2025-01-10 15:00:00,-1.7,-6.1,72,0,,310,16.6,,1011.6,,3,0
2025-01-10 16:00:00,-1.7,-6.1,72,0,,320,22.3,,1011.5,,3,0
2025-01-10 17:00:00,-1.7,-6.1,72,0,,300,18.4,,1011.2,,3,0
2025-01-10 18:00:00,-2.2,-6,75,0,,300,14.8,,1010.8,,3,0
2025-01-10 19:00:00,-2.2,-6,75,0,,290,13,,1010.7,,3,0
2025-01-10 20:00:00,-2.2,-6,75,0,,280,14.8,,1010.5,,3,0
2025-01-10 21:00:00,-2.8,-6.1,78,0,,310,14.8,,1010.5,,3,0
2025-01-10 22:00:00,-2.8,-6.1,78,0,,310,11.2,,1010.1,,3,0
2025-01-10 23:00:00,-3.3,-6.1,81,0,,290,11.2,,1010,,3,0
2025-01-11 00:00:00,-3.3,-7.3,74,0,,290,11.2,,1009.3,,3,0
2025-01-11 01:00:00,-3.9,-7.2,78,0,,270,7.6,,1008.9,,3,0
2025-01-11 02:00:00,-4.4,-7.2,81,0,,250,13,,1009,,3,0
2025-01-11 03:00:00,-6.7,-8.9,84,0,,250,11.2,,1009.7,,3,0
2025-01-11 04:00:00,-10,-11.7,87,0,,230,9.4,,1009.3,,3,0
2025-01-11 05:00:00,-9.4,-10.6,91,0,,0,0,,1009,,3,0
2025-01-11 06:00:00,-7.8,-10,84,0,,0,0,,1008.8,,3,0
2025-01-11 07:00:00,-7.2,-9.4,84,0,,140,9.4,,1008.3,,3,0
2025-01-11 08:00:00,-6.1,-8.8,81,0,,160,11.2,,1008.1,,3,0
2025-01-11 09:00:00,-5,-8.2,78,0,,140,11.2,,1008.4,,3,0
2025-01-11 10:00:00,-3.9,-7.8,74,0,,140,18.4,,1008.2,,3,0
2025-01-11 11:00:00,-2.2,-6.7,71,0,,140,20.5,,1008.1,,3,0
2025-01-11 12:00:00,-1.7,-6.1,72,0,,140,22.3,,1006.7,,3,0
2025-01-11 13:00:00,-0.6,-5,72,0,,140,24.1,,1005.7,,3,0
2025-01-11 14:00:00,0,-4.4,72,0,,140,18.4,,1005,,3,0
2025-01-11 15:00:00,0.6,-3.9,72,0,,140,22.3,,1004.4,,3,0
2025-01-11 16:00:00,1.1,-3.9,69,0,,130,13,,1004.5,,3,0
2025-01-11 17:00:00,1.1,-3.4,72,0,,160,14.8,,1004.6,,3,0
2025-01-11 18:00:00,1.1,-4.3,67,0,,200,16.6,,1005.3,,3,0
2025-01-11 19:00:00,0.6,-5,66,0,,200,16.6,,1005.4,,3,0
2025-01-11 20:00:00,-0.6,-4.3,76,0,,200,13,,1005.6,,3,0
2025-01-11 21:00:00,-1.1,-5,75,0,,180,11.2,,1005.5,,3,0
2025-01-11 22:00:00,-0.6,-5,72,0,,200,13,,1005.3,,3,0
2025-01-11 23:00:00,-0.6,-4.3,76,0,,210,13,,1005.2,,3,0
2025-01-12 00:00:00,-0.6,-4.3,76,0,,220,14.8,,1004.9,,3,0
2025-01-12 01:00:00,0,-3.9,75,0,,230,18.4,,1004.4,,3,0
2025-01-12 02:00:00,0.6,-2.8,78,0,,240,16.6,,1004.5,,3,0
2025-01-12 03:00:00,1.1,-1.1,85,0,,260,20.5,,1004.8,,3,0
2025-01-12 04:00:00,0.6,-4.4,69,0,,290,31.7,,1005.2,,3,0
2025-01-12 05:00:00,-2.8,-7.1,72,0,,300,27.7,,1006.3,,2,0
2025-01-12 06:00:00,-3.9,-8.2,72,0,,300,31.7,,1007.3,,1,0
2025-01-12 07:00:00,-4.4,-8.9,71,0,,290,31.7,,1008.6,,2,0
2025-01-12 08:00:00,-4.4,-8.3,74,0,,300,31.7,,1009.6,,3,0
2025-01-12 09:00:00,-3.9,-8.9,68,0,,290,27.7,,1010.5,,3,0
2025-01-12 10:00:00,-3.9,-9.3,66,0,,300,35.3,,1011.8,,3,0
2025-01-12 11:00:00,-3.9,-9.3,66,0,,290,40.7,,1012.7,,3,
2025-01-12 12:00:00,-3.9,-8.9,68,,,290,37.1,,1013,,3,
2025-01-12 13:00:00,-3.9,-9.9,63,,,300,31.7,,1013.4,,3,
2025-01-12 14:00:00,-4.4,-10,65,,,300,27.7,,1014.2,,3,
2025-01-12 15:00:00,-5,-11.1,62,,,300,33.5,,1015.3,,3,0
2025-01-12 16:00:00,-5.6,-12.1,60,0,,300,35.3,,1016.4,,3,0
2025-01-12 17:00:00,-6.7,-13.8,57,0,,300,31.7,,1017.5,,3,0
2025-01-12 18:00:00,-8.3,-14.3,62,0,,290,25.9,,1018.7,,1,0
2025-01-12 19:00:00,-9.4,-15.5,61,0,,290,27.7,,1020,,1,0
2025-01-12 20:00:00,-10,-16.1,61,0,,300,20.5,,1020.8,,1,0
2025-01-12 21:00:00,-11.1,-16.7,63,0,,300,25.9,,1021.3,,1,0
2025-01-12 22:00:00,-11.7,-17.1,64,0,,300,22.3,,1022.2,,1,0
2025-01-12 23:00:00,-12.2,-17.2,66,0,,300,20.5,,1022.9,,1,0
2025-01-13 00:00:00,-12.8,-17.8,66,0,,300,18.4,,1023.3,,1,0
2025-01-13 01:00:00,-12.8,-17.8,66,0,,300,16.6,,1023.6,,1,0
2025-01-13 02:00:00,-13.3,-17.8,69,0,,290,18.4,,1024.1,,1,0
2025-01-13 03:00:00,-13.3,-17.8,69,0,,300,16.6,,1024.5,,1,0
2025-01-13 04:00:00,-13.3,-17.8,69,0,,300,18.4,,1024.4,,1,0
2025-01-13 05:00:00,-13.9,-18.3,69,0,,290,14.8,,1024.6,,1,0
2025-01-13 06:00:00,-13.9,-18.3,69,0,,290,16.6,,1024.8,,1,0
2025-01-13 07:00:00,-14.4,-18.8,69,0,,280,14.8,,1025.4,,1,0
2025-01-13 08:00:00,-16.1,-19.3,76,0,,260,14.8,,1025.9,,1,0
2025-01-13 09:00:00,-14.4,-17.8,75,0,,270,18.4,,1026.6,,1,0
2025-01-13 10:00:00,-11.7,-17.1,64,0,,300,25.9,,1026.9,,1,0
2025-01-13 11:00:00,-10.6,-16.6,61,0,,300,22.3,,1027,,3,0
2025-01-13 12:00:00,-10,-16.1,61,0,,290,18.4,,1025.9,,3,0
2025-01-13 13:00:00,-8.9,-14.5,64,0,,260,18.4,,1024.9,,3,0
2025-01-13 14:00:00,-8.3,-13.9,64,0,,260,25.9,,1024.5,,3,0
2025-01-13 15:00:00,-7.8,-13.8,62,0,,270,22.3,,1023.7,,3,0
2025-01-13 16:00:00,-7.2,-13.8,59,0,,260,22.3,,1023.4,,1,0
2025-01-13 17:00:00,-8.3,-13.9,64,0,,260,14.8,,1023.5,,1,0
2025-01-13 18:00:00,-9.4,-14.4,67,0,,260,7.6,,1023.8,,1,0
2025-01-13 19:00:00,-11.1,-14.3,77,0,,200,5.4,,1023.3,,1,0
2025-01-13 20:00:00,-9.4,-12.8,76,0,,0,0,,1023.2,,1,0
2025-01-13 21:00:00,-8.9,-12.8,73,0,,0,0,,1022.6,,3,
2025-01-13 22:00:00,-7.8,-11.6,74,,,0,0,,1022,,3,
2025-01-13 23:00:00,-6.1,-9.3,78,,,260,7.6,,1021.9,,3,
2025-01-14 00:00:00,-6.1,-8.4,84,,,250,13,,1022.3,,3,
2025-01-14 01:00:00,-6.1,-8.4,84,,,330,20.5,,1022.6,,14,
2025-01-14 02:00:00,-11.1,-13.9,80,,,350,37.1,,1024.7,,15,
2025-01-14 03:00:00,-13.3,-17.8,69,,,340,37.1,,1026.5,,3,0
2025-01-14 04:00:00,-16.1,-21.1,65,0,,350,37.1,,1027.9,,3,0
2025-01-14 05:00:00,-17.8,-22.8,65,0,,350,22.3,,1028.8,,1,0
2025-01-14 06:00:00,-18.3,-23.2,65,0,,330,22.3,,1029.4,,1,0
2025-01-14 07:00:00,-18.9,-23.8,65,0,,320,20.5,,1030.7,,1,0
2025-01-14 08:00:00,-19.4,-23.8,68,0,,320,13,,1031.5,,1,0
2025-01-14 09:00:00,-18.9,-23.8,65,0,,340,22.3,,1032.6,,1,0
2025-01-14 10:00:00,-17.8,-23.3,62,0,,340,18.4,,1033.6,,1,0
2025-01-14 11:00:00,-17.2,-22.7,62,0,,340,13,,1034.3,,1,0
2025-01-14 12:00:00,-16.1,-21.7,62,0,,300,13,,1034.1,,1,0
2025-01-14 13:00:00,-15.6,-21.6,60,0,,310,14.8,,1033.7,,1,0
2025-01-14 14:00:00,-14.4,-20.6,59,0,,310,16.6,,1033.5,,1,0
2025-01-14 15:00:00,-13.9,-20.6,57,0,,340,9.4,,1033.6,,1,0
2025-01-14 16:00:00,-13.9,-20,60,0,,300,11.2,,1034.3,,1,0
2025-01-14 17:00:00,-14.4,-20.6,59,0,,310,13,,1034.7,,1,0
2025-01-14 18:00:00,-15,-20.6,62,0,,280,7.6,,1034.8,,1,0
2025-01-14 19:00:00,-17.8,-21.6,72,0,,250,11.2,,1035.7,,1,0
2025-01-14 20:00:00,-18.3,-21,79,0,,280,9.4,,1036.3,,1,0
2025-01-14 21:00:00,-18.3,-21.6,75,0,,260,9.4,,1036.5,,1,0
2025-01-14 22:00:00,-18.3,-21.6,75,0,,0,0,,1035.9,,1,0
2025-01-14 23:00:00,-19.4,-21.7,82,0,,0,0,,1036,,1,0
2025-01-15 00:00:00,-20.6,-22.2,87,0,,210,7.6,,1035.4,,1,0
2025-01-15 01:00:00,-18.9,-22.2,75,0,,260,9.4,,1034.9,,1,0
2025-01-15 02:00:00,-18.3,-20.6,82,0,,250,7.6,,1034.6,,1,0
2025-01-15 03:00:00,-15,-18.3,76,0,,0,0,,1034.4,,1,0
2025-01-15 04:00:00,-14.4,-17.8,75,0,,140,5.4,,1033.9,,2,0
2025-01-15 05:00:00,-13.9,-16.7,79,0,,130,5.4,,1033.6,,3,0
2025-01-15 06:00:00,-13.3,-17.3,72,0,,190,9.4,,1033.4,,3,0
2025-01-15 07:00:00,-13.3,-17.8,69,0,,190,11.2,,1032.8,,3,0
2025-01-15 08:00:00,-12.8,-17.1,70,0,,210,16.6,,1032,,3,0
2025-01-15 09:00:00,-12.2,-16.7,69,0,,200,11.2,,1031.5,,2,0
2025-01-15 10:00:00,-10.6,-15.5,67,0,,200,20.5,,1031,,2,0
2025-01-15 11:00:00,-8.9,-14.5,64,0,,210,20.5,,1030.7,,2,0
2025-01-15 12:00:00,-6.1,-13.2,57,0,,220,24.1,,1028.7,,2,0
2025-01-15 13:00:00,-5.6,-11.7,62,0,,220,29.5,,1026.1,,3,0
2025-01-15 14:00:00,-3.3,-9.9,60,0,,220,25.9,,1024.2,,3,0
2025-01-15 15:00:00,-2.8,-8.9,63,0,,220,29.5,,1023,,3,0
2025-01-15 16:00:00,-2.2,-8.3,63,0,,210,25.9,,1021.8,,3,0
2025-01-15 17:00:00,-1.7,-7.8,63,0,,210,24.1,,1020.4,,2,0
2025-01-15 18:00:00,-2.2,-7.7,66,0,,200,18.4,,1019.6,,2,0
2025-01-15 19:00:00,-1.7,-7.2,66,0,,200,14.8,,1019.4,,3,0
2025-01-15 20:00:00,-2.8,-7.9,68,0,,220,24.1,,1018,,3,0
2025-01-15 21:00:00,-3.9,-8.9,68,0,,230,16.6,,1017.8,,1,0
2025-01-15 22:00:00,-4.4,-8.3,74,0,,240,22.3,,1017.1,,1,0
2025-01-15 23:00:00,-4.4,-7.8,77,0,,250,25.9,,1016.7,,1,0
2025-01-16 00:00:00,-2.8,-6.1,78,0,,270,24.1,,1016.4,,1,0
2025-01-16 01:00:00,-2.2,-5.5,78,0,,270,20.5,,1016.1,,1,0
2025-01-16 02:00:00,-2.2,-5,81,0,,270,16.6,,1016,,1,0
2025-01-16 03:00:00,0.6,-3.3,75,0,,300,25.9,,1016.2,,1,0
2025-01-16 04:00:00,0.6,-3.3,75,0,,300,24.1,,1016.5,,1,0
2025-01-16 05:00:00,-0.6,-4,78,0,,300,27.7,,1017.2,,1,0
2025-01-16 06:00:00,-0.6,-4.3,76,0,,300,25.9,,1017.7,,1,0
2025-01-16 07:00:00,-1.1,-4.4,78,0,,290,27.7,,1018.2,,1,0
2025-01-16 08:00:00,-2.2,-5,81,0,,300,18.4,,1019.1,,1,0
2025-01-16 09:00:00,-1.1,-5,75,0,,300,24.1,,1019.8,,1,0
2025-01-16 10:00:00,0,-4.4,72,0,,310,22.3,,1020,,1,0
2025-01-16 11:00:00,1.1,-3.9,69,0,,300,22.3,,1020.6,,1,0
2025-01-16 12:00:00,2.2,-3.3,67,0,,300,22.3,,1019.7,,1,0
2025-01-16 13:00:00,2.8,-2.7,67,0,,300,16.6,,1018.7,,1,0
2025-01-16 14:00:00,3.9,-2.3,64,0,,280,18.4,,1017.7,,1,0
2025-01-16 15:00:00,3.9,-1.7,67,0,,260,20.5,,1017,,1,0
2025-01-16 16:00:00,3.3,-2.2,67,0,,260,13,,1016.8,,1,0
2025-01-16 17:00:00,1.1,-2.1,79,0,,240,5.4,,1016.8,,1,0
2025-01-16 18:00:00,-1.7,-3.9,85,0,,220,9.4,,1016.6,,2,0
2025-01-16 19:00:00,-1.1,-2.8,88,0,,0,0,,1015.9,,1,0
2025-01-16 20:00:00,-1.7,-3.9,85,0,,150,5.4,,1015.1,,2,0
2025-01-16 21:00:00,-3.3,-4.4,92,0,,120,5.4,,1014,,2,0
2025-01-16 22:00:00,-2.2,-4.4,85,0,,110,9.4,,1013.1,,2,0
2025-01-16 23:00:00,-3.3,-5,88,0,,150,9.4,,1012.4,,1,0
2025-01-17 00:00:00,-3.9,-5.6,88,0,,140,13,,1011.3,,1,0
2025-01-17 01:00:00,-2.2,-5,81,0,,150,13,,1009.8,,1,0
2025-01-17 02:00:00,-2.2,-4.4,85,0,,150,14.8,,1008.2,,1,0
2025-01-17 03:00:00,-1.1,-3.9,81,0,,160,13,,1007.1,,1,0
2025-01-17 04:00:00,0,-3.4,78,0,,150,11.2,,1005.5,,2,0
2025-01-17 05:00:00,-0.6,-4,78,0,,150,14.8,,1003.5,,3,0
2025-01-17 06:00:00,0.6,-3.3,75,0,,170,20.5,,1002,,1,0
2025-01-17 07:00:00,1.1,-3.4,72,0,,180,16.6,,1001.1,,1,0
2025-01-17 08:00:00,0,-3.9,75,0,,190,9.4,,1000.8,,1,0
2025-01-17 09:00:00,2.8,-2.1,70,0,,200,13,,1000.5,,1,0
2025-01-17 10:00:00,4.4,-1.6,65,0,,230,16.6,,1000.7,,1,0
2025-01-17 11:00:00,6.1,-1.1,60,0,,240,20.5,,1000.8,,1,0
2025-01-17 12:00:00,6.7,-1,58,0,,270,24.1,,1000.4,,1,0
2025-01-17 13:00:00,6.7,-0.5,60,0,,310,22.3,,1000.4,,1,0
2025-01-17 14:00:00,7.2,0,60,0,,330,13,,1000.3,,1,0
2025-01-17 15:00:00,8.9,-0.7,51,0,,350,29.5,,1000.8,,1,0
2025-01-17 16:00:00,7.2,-2.8,49,0,,340,29.5,,1001.9,,1,0
2025-01-17 17:00:00,5,-2.8,57,0,,350,14.8,,1003.3,,2,0
2025-01-17 18:00:00,5,-2.8,57,0,,340,27.7,,1004.1,,3,0
2025-01-17 19:00:00,2.2,-5.7,56,0,,350,27.7,,1006.2,,3,0
2025-01-17 20:00:00,0.6,-6,61,0,,330,40.7,,1007.6,,3,0
2025-01-17 21:00:00,-1.1,-7.2,63,0,,340,35.3,,1008.5,,3,0
2025-01-17 22:00:00,-3.3,-9.9,60,0,,350,38.9,,1010.4,,3,0
2025-01-17 23:00:00,-5.6,-11.7,62,0,,350,44.6,,1011.6,,3,0
2025-01-18 00:00:00,-6.7,-12.2,65,0,,340,29.5,,1013,,3,0
2025-01-18 01:00:00,-7.8,-12.8,67,0,,330,38.9,,1014.3,,3,0
2025-01-18 02:00:00,-8.9,-13.4,70,0,,340,40.7,,1014.9,,3,0
2025-01-18 03:00:00,-9.4,-13.8,70,0,,340,33.5,,1016.1,,3,0
2025-01-18 04:00:00,-10,-14.4,70,0,,340,33.5,,1016.5,,3,0
2025-01-18 05:00:00,-10.6,-15,70,0,,340,33.5,,1018.3,,3,0
2025-01-18 06:00:00,-11.1,-15.6,69,0,,340,38.9,,1019.4,,3,0
2025-01-18 07:00:00,-11.7,-16.8,66,0,,330,33.5,,1020.7,,2,0
2025-01-18 08:00:00,-12.2,-16.7,69,0,,340,27.7,,1021.5,,2,0
2025-01-18 09:00:00,-11.7,-17.1,64,0,,340,35.3,,1022.7,,1,0
2025-01-18 10:00:00,-10.6,-17.2,58,0,,360,29.5,,1023.6,,1,0
2025-01-18 11:00:00,-9.4,-17.9,50,0,,340,31.7,,1024.4,,3,0
2025-01-18 12:00:00,-8.3,-18.4,44,0,,330,29.5,,1024.3,,3,0
2025-01-18 13:00:00,-7.2,-18.2,41,0,,340,31.7,,1023.9,,3,0
2025-01-18 14:00:00,-6.7,-19.3,36,0,,340,29.5,,1023.9,,3,0
2025-01-18 15:00:00,-6.7,-19.9,34,0,,330,33.5,,1024.7,,3,0
2025-01-18 16:00:00,-7.2,-20.4,34,0,,340,27.7,,1025.4,,3,0
2025-01-18 17:00:00,-8.9,-20,40,0,,330,31.7,,1026.6,,3,0
2025-01-18 18:00:00,-10,-19.4,46,0,,350,33.5,,1027.4,,3,0
2025-01-18 19:00:00,-11.1,-19.5,50,0,,330,29.5,,1028.4,,3,0
2025-01-18 20:00:00,-11.7,-19.3,53,0,,340,31.7,,1029,,3,0
2025-01-18 21:00:00,-12.2,-20,52,0,,340,29.5,,1029.5,,3,0
2025-01-18 22:00:00,-12.8,-20.6,52,0,,340,29.5,,1030,,3,0
2025-01-18 23:00:00,-13.3,-21,52,0,,340,33.5,,1030.4,,3,0
2025-01-19 00:00:00,-14.4,-20.6,59,0,,340,25.9,,1030.8,,3,0
2025-01-19 01:00:00,-15.6,-21,63,0,,340,25.9,,1030.5,,3,0
2025-01-19 02:00:00,-16.7,-21.7,65,0,,340,22.3,,1030.3,,3,0
2025-01-19 03:00:00,-18.3,-23.2,65,0,,340,24.1,,1030.9,,3,0
2025-01-19 04:00:00,-18.9,-24.9,59,0,,340,29.5,,1031,,3,0
2025-01-19 05:00:00,-19.4,-25.5,58,0,,330,31.7,,1031.3,,3,0
2025-01-19 06:00:00,-20,-25.6,61,0,,340,29.5,,1031.6,,3,0
2025-01-19 07:00:00,-20.6,-24.9,68,0,,330,20.5,,1032,,1,0
2025-01-19 08:00:00,-20.6,-24.9,68,0,,330,14.8,,1032.7,,5,0
2025-01-19 09:00:00,-20,-25.6,61,0,,320,22.3,,1033.2,,1,0
2025-01-19 10:00:00,-19.4,-25.5,58,0,,310,27.7,,1034,,3,0
2025-01-19 11:00:00,-18.3,-26.1,50,0,,330,29.5,,1034.1,,2,0
2025-01-19 12:00:00,-17.2,-24.9,51,0,,310,24.1,,1033.2,,3,0
2025-01-19 13:00:00,-16.1,-25,46,0,,310,29.5,,1032.3,,1,0
2025-01-19 14:00:00,-15.6,-25,44,0,,310,22.3,,1031.8,,1,0
2025-01-19 15:00:00,-15,-24.2,45,0,,310,20.5,,1031.4,,2,0
2025-01-19 16:00:00,-14.4,-24.5,42,0,,310,16.6,,1031.5,,1,0
2025-01-19 17:00:00,-15,-25,42,0,,290,18.4,,1031.8,,1,0
2025-01-19 18:00:00,-16.1,-24.3,49,0,,290,14.8,,1032.2,,1,0
2025-01-19 19:00:00,-17.8,-23.8,59,0,,260,9.4,,1032.5,,1,0
2025-01-19 20:00:00,-18.3,-23.9,61,0,,260,9.4,,1032.8,,1,0
2025-01-19 21:00:00,-18.9,-23.3,68,0,,240,9.4,,1032.5,,1,0
2025-01-19 22:00:00,-18.3,-22.7,68,0,,250,13,,1032.6,,1,0
2025-01-19 23:00:00,-18.3,-22.7,68,0,,240,14.8,,1032.9,,1,0
2025-01-20 00:00:00,-18.9,-22.8,71,0,,250,13,,1033,,1,0
2025-01-20 01:00:00,-18.9,-22.8,71,0,,250,11.2,,1033,,1,0
2025-01-20 02:00:00,-18.9,-22.8,71,0,,260,14.8,,1032.9,,1,0
2025-01-20 03:00:00,-18.9,-22.8,71,0,,260,13,,1032.9,,1,0
2025-01-20 04:00:00,-18.3,-22.7,68,0,,260,14.8,,1033,,1,0
2025-01-20 05:00:00,-19.4,-23.3,71,0,,250,13,,1033.3,,1,0
2025-01-20 06:00:00,-19.4,-23.3,71,0,,250,11.2,,1033.8,,1,0
2025-01-20 07:00:00,-19.4,-23.3,71,0,,250,14.8,,1034.5,,1,0
2025-01-20 08:00:00,-19.4,-22.8,74,0,,260,13,,1034.9,,1,0
2025-01-20 09:00:00,-16.7,-21,69,0,,260,14.8,,1035.1,,1,0
2025-01-20 10:00:00,-15,-19.9,66,0,,260,18.4,,1035.3,,1,0
2025-01-20 11:00:00,-13.9,-21.6,52,0,,290,29.5,,1035.7,,2,0
2025-01-20 12:00:00,-15,-23.8,47,0,,310,35.3,,1035.7,,3,0
2025-01-20 13:00:00,-14.4,-23.2,47,0,,280,37.1,,1035.4,,3,0
2025-01-20 14:00:00,-14.4,-25,40,0,,310,37.1,,1035.6,,3,0
2025-01-20 15:00:00,-15.6,-27.2,36,0,,280,37.1,,1036.1,,3,0
2025-01-20 16:00:00,-17.2,-27.8,39,0,,280,31.7,,1036.8,,3,0
2025-01-20 17:00:00,-17.8,-27.8,41,0,,300,29.5,,1037.7,,3,0
2025-01-20 18:00:00,-19.4,-28.3,45,0,,310,31.7,,1038.6,,2,0
2025-01-20 19:00:00,-20.6,-27.1,56,0,,310,31.7,,1039.5,,1,0
2025-01-20 20:00:00,-21.1,-28.7,50,0,,310,25.9,,1040,,3,0
2025-01-20 21:00:00,-22.2,-29.4,52,0,,320,25.9,,1040.2,,1,0
2025-01-20 22:00:00,-22.2,-29.4,52,0,,310,20.5,,1040.3,,1,0
2025-01-20 23:00:00,-22.8,-29.3,55,0,,300,22.3,,1040.4,,1,0
2025-01-21 00:00:00,-23.3,-29.4,57,0,,310,20.5,,1040.5,,1,0
2025-01-21 01:00:00,-23.3,-29.4,57,0,,290,16.6,,1040,,1,0
2025-01-21 02:00:00,-23.3,-29.4,57,0,,280,14.8,,1039.8,,1,0
2025-01-21 03:00:00,-23.9,-28.9,63,0,,260,14.8,,1039.7,,1,0
2025-01-21 04:00:00,-23.9,-28.9,63,0,,250,16.6,,1039.3,,1,0
2025-01-21 05:00:00,-23.9,-28.3,67,0,,250,16.6,,1038.8,,1,0
2025-01-21 06:00:00,-23.9,-28.3,67,0,,250,18.4,,1038.9,,1,0
2025-01-21 07:00:00,-23.9,-28.3,67,0,,240,16.6,,1038.8,,1,0
2025-01-21 08:00:00,-23.9,-28.3,67,0,,230,13,,1038.3,,1,0
2025-01-21 09:00:00,-21.7,-26.7,64,0,,240,18.4,,1037.7,,1,0
2025-01-21 10:00:00,-18.9,-24.9,59,0,,240,22.3,,1037.5,,1,0
2025-01-21 11:00:00,-17.2,-26,46,0,,240,27.7,,1036.6,,1,0
2025-01-21 12:00:00,-15.6,-25.6,42,0,,210,22.3,,1034.9,,1,0
2025-01-21 13:00:00,-13.9,-24.8,39,0,,210,27.7,,1033,,1,0
2025-01-21 14:00:00,-12.2,-24.8,34,0,,200,25.9,,1031.2,,1,0
2025-01-21 15:00:00,-11.1,-24.9,31,0,,200,25.9,,1029.5,,1,0
2025-01-21 16:00:00,-10.6,-23.7,33,0,,180,24.1,,1028,,1,0
2025-01-21 17:00:00,-11.7,-23.7,36,0,,180,25.9,,1026.9,,3,0
2025-01-21 18:00:00,-12.2,-23.9,37,0,,180,24.1,,1025.8,,3,0
2025-01-21 19:00:00,-12.2,-22.7,41,0,,190,29.5,,1025.3,,2,0
2025-01-21 20:00:00,-12.2,-21.7,45,0,,190,25.9,,1024.9,,3,0
2025-01-21 21:00:00,-13.3,-21.7,49,0,,180,24.1,,1023.4,,3,0
2025-01-21 22:00:00,-12.2,-20.5,50,0,,180,27.7,,1022.1,,2,0
2025-01-21 23:00:00,-11.7,-20,50,0,,180,24.1,,1021,,3,0
2025-01-22 00:00:00,-10.6,-19,50,0,,180,20.5,,1020.4,,3,0
2025-01-22 01:00:00,-8.3,-17.1,49,0,,190,22.3,,1018.6,,3,
2025-01-22 02:00:00,-7.8,-12.1,71,,,210,22.3,,1017,,3,
2025-01-22 03:00:00,-7.8,-10,84,,,210,27.7,,1017.3,,3,
2025-01-22 04:00:00,-7.2,-10.1,80,,,220,27.7,,1017.1,,3,
2025-01-22 05:00:00,-6.7,-10,77,,,210,20.5,,1016.8,,3,0
2025-01-22 06:00:00,-6.1,-11.6,65,0,,210,18.4,,1016.7,,3,0
2025-01-22 07:00:00,-6.1,-11.6,65,0,,210,16.6,,1016.6,,3,0
2025-01-22 08:00:00,-6.1,-11,68,0,,210,11.2,,1016.9,,3,0
2025-01-22 09:00:00,-5,-11.1,62,0,,220,20.5,,1017.2,,3,
2025-01-22 10:00:00,-5,-10,68,,,240,18.4,,1017.2,,3,
2025-01-22 11:00:00,-3.9,-9.3,66,,,240,18.4,,1017.3,,3,
2025-01-22 12:00:00,-2.8,-7.1,72,,,260,13,,1016,,3,
2025-01-22 13:00:00,-1.1,-6.1,69,,,240,13,,1016.1,,1,
2025-01-22 14:00:00,-0.6,-4,78,,,270,13,,1016,,3,
2025-01-22 15:00:00,-0.6,-4,78,,,270,13,,1015.9,,3,0
2025-01-22 16:00:00,0,-3.4,78,0,,250,16.6,,1016.4,,3,0
2025-01-22 17:00:00,0,-3.9,75,0,,280,9.4,,1017.1,,3,0
2025-01-22 18:00:00,0,-5,69,0,,270,11.2,,1017.5,,3,0
2025-01-22 19:00:00,-0.6,-5,72,0,,270,16.6,,1018.2,,3,0
2025-01-22 20:00:00,0.6,-5.6,63,0,,300,18.4,,1018.6,,3,
2025-01-22 21:00:00,0,-5.6,66,,,300,16.6,,1018.6,,3,0
2025-01-22 22:00:00,-0.6,-5.6,69,0,,340,42.5,,1019.7,,3,0
2025-01-22 23:00:00,-4.4,-9.4,68,0,,340,24.1,,1020.8,,3,0
2025-01-23 00:00:00,-8.3,-13.3,67,0,,340,37.1,,1022.8,,1,0
2025-01-23 01:00:00,-12.2,-16,73,0,,320,31.7,,1024.1,,1,0
2025-01-23 02:00:00,-14,-17.9,72,0,,320,26,,1025,,3,0
2025-01-23 03:00:00,-14,-17.9,72,0,,330,32,,1025,,3,0
2025-01-23 04:00:00,-14.4,-18.3,72,0,,330,31.7,,1026.9,,3,0
2025-01-23 05:00:00,-15,-18.9,72,0,,330,24.1,,1027.6,,3,0
2025-01-23 06:00:00,-15.6,-19.3,73,0,,330,27.7,,1028.7,,3,0
2025-01-23 07:00:00,-16.1,-20,72,0,,330,25.9,,1029.6,,3,0
2025-01-23 08:00:00,-16.1,-20,72,0,,340,24.1,,1030,,1,0
2025-01-23 09:00:00,-15.6,-19.3,73,0,,330,22.3,,1030.9,,1,0
2025-01-23 10:00:00,-13.9,-18.9,66,0,,330,18.4,,1031.4,,1,0
2025-01-23 11:00:00,-12.2,-17.8,63,0,,330,22.3,,1032.6,,1,0
2025-01-23 12:00:00,-11.7,-17.7,61,0,,320,18.4,,1032.5,,3,0
2025-01-23 13:00:00,-10.6,-17.2,58,0,,320,13,,1031.8,,3,0
2025-01-23 14:00:00,-8.9,-16.1,56,0,,310,20.5,,1031.2,,3,0
2025-01-23 15:00:00,-8,-16.8,49,0,,300,17,,1029,,2,0
2025-01-23 16:00:00,-8.3,-17.1,49,0,,300,16.6,,1031,,1,0
2025-01-23 17:00:00,-8.9,-18.9,44,0,,300,11.2,,1030.7,,1,0
2025-01-23 18:00:00,-10.6,-19.5,48,0,,300,7.6,,1030.7,,1,0
2025-01-23 19:00:00,-14.4,-19.3,66,0,,250,13,,1030.8,,1,0
2025-01-23 20:00:00,-15,-18.9,72,0,,310,5.4,,1030.6,,1,0
2025-01-23 21:00:00,-15.6,-19.3,73,0,,270,13,,1029.9,,1,0
2025-01-23 22:00:00,-15.6,-19.3,73,0,,250,13,,1029.4,,1,0
2025-01-23 23:00:00,-15.6,-20.5,66,0,,240,14.8,,1028.6,,1,0
2025-01-24 00:00:00,-17.8,-20.5,79,0,,240,13,,1028.3,,1,0
2025-01-24 01:00:00,-17.2,-20.6,75,0,,190,5.4,,1026.9,,1,0
2025-01-24 02:00:00,-17.8,-21.6,72,0,,0,0,,1027.1,,1,0
2025-01-24 03:00:00,-16.7,-19.9,76,0,,0,0,,1026.6,,1,0
2025-01-24 04:00:00,-16.1,-20,72,0,,0,0,,1025.6,,1,0
2025-01-24 05:00:00,-18.3,-21,79,0,,0,0,,1024.6,,3,0
2025-01-24 06:00:00,-16.7,-20.5,72,0,,130,7.6,,1023.9,,3,0
2025-01-24 07:00:00,-15.6,-19.3,73,0,,130,7.6,,1023.2,,3,0
2025-01-24 08:00:00,-13.9,-17.2,76,0,,150,5.4,,1022.4,,3,0
2025-01-24 09:00:00,-11.1,-14.3,77,0,,150,13,,1021.2,,3,0
2025-01-24 10:00:00,-8.3,-13.3,67,0,,170,18.4,,1020.6,,3,0
2025-01-24 11:00:00,-5.6,-11.7,62,0,,180,20.5,,1019.3,,3,0
2025-01-24 12:00:00,-4.4,-10.6,62,0,,180,29.5,,1017.6,,3,0
2025-01-24 13:00:00,-2.2,-8.9,60,0,,180,33.5,,1015.2,,3,0
2025-01-24 14:00:00,-0.6,-7.8,58,0,,200,24.1,,1014.1,,3,0
2025-01-24 15:00:00,1.7,-7.1,52,0,,210,24.1,,1013.8,,3,0
2025-01-24 16:00:00,3.3,-7.2,46,0,,240,22.3,,1013.7,,3,0
2025-01-24 17:00:00,2.2,-6.6,52,0,,240,9.4,,1014.3,,3,0
2025-01-24 18:00:00,1.1,-6,59,0,,250,9.4,,1014.9,,3,0
2025-01-24 19:00:00,1.1,-5.6,61,0,,260,13,,1016,,3,0
2025-01-24 20:00:00,0.6,-5.6,63,0,,290,14.8,,1016.7,,3,0
2025-01-24 21:00:00,-3.3,-7.3,74,0,,270,13,,1017.5,,3,0
2025-01-24 22:00:00,-1.7,-6.1,72,0,,290,13,,1017.7,,3,0
2025-01-24 23:00:00,-3.9,-7.2,78,0,,250,14.8,,1018.2,,3,0
2025-01-25 00:00:00,-3.3,-6.7,77,0,,270,9.4,,1018.7,,3,0
2025-01-25 01:00:00,-5,-7.7,81,0,,260,7.6,,1018.4,,3,0
2025-01-25 02:00:00,-3.3,-6.1,81,0,,250,14.8,,1018.4,,3,0
2025-01-25 03:00:00,-2.8,-5.6,81,0,,250,20.5,,1018.7,,3,0
2025-01-25 04:00:00,-3.9,-6.7,81,0,,260,20.5,,1018.8,,3,0
2025-01-25 05:00:00,-5.6,-7.9,84,0,,260,18.4,,1019,,2,0
2025-01-25 06:00:00,-5.6,-7.9,84,0,,240,14.8,,1019.7,,2,0
2025-01-25 07:00:00,-5.6,-8.3,81,0,,240,18.4,,1020.2,,1,0
2025-01-25 08:00:00,-5.6,-8.3,81,0,,250,18.4,,1020.6,,1,0
2025-01-25 09:00:00,-2.8,-6.1,78,0,,260,18.4,,1021,,2,0
2025-01-25 10:00:00,0,-6,64,0,,270,22.3,,1021.8,,1,0
2025-01-25 11:00:00,2.2,-6.1,54,0,,300,27.7,,1022.4,,1,0
2025-01-25 12:00:00,2.8,-6.1,52,0,,290,33.5,,1022.6,,3,0
2025-01-25 13:00:00,3.3,-7.8,44,0,,280,38.9,,1022,,3,0
2025-01-25 14:00:00,3.3,-8.4,42,0,,300,27.7,,1022.1,,2,0
2025-01-25 15:00:00,2.8,-8.2,44,0,,310,27.7,,1022.6,,1,0
2025-01-25 16:00:00,1.1,-8.9,47,0,,300,33.5,,1023.6,,3,0
2025-01-25 17:00:00,0,-8.9,51,0,,300,27.7,,1024.9,,3,0
2025-01-25 18:00:00,-1.7,-10.5,51,0,,320,31.7,,1026.1,,3,0
2025-01-25 19:00:00,-3.3,-12.2,50,0,,310,20.5,,1027.4,,3,0
2025-01-25 20:00:00,-4.4,-12.8,52,0,,320,24.1,,1028.1,,3,0
2025-01-25 21:00:00,-5,-12.9,54,0,,310,24.1,,1028.7,,3,0
2025-01-25 22:00:00,-5.6,-13.2,55,0,,300,14.8,,1029.2,,3,0
2025-01-25 23:00:00,-7.2,-13.8,59,0,,300,13,,1030.1,,3,0
2025-01-26 00:00:00,-7.2,-13.8,59,0,,310,16.6,,1030.4,,3,0
2025-01-26 01:00:00,-8.3,-13.9,64,0,,320,18.4,,1030.1,,3,0
2025-01-26 02:00:00,-8.3,-13.9,64,0,,300,7.6,,1030.4,,3,0
2025-01-26 03:00:00,-10,-14.4,70,0,,300,9.4,,1030.6,,3,0
2025-01-26 04:00:00,-11.1,-14.3,77,0,,300,7.6,,1030.7,,3,0
2025-01-26 05:00:00,-11.1,-13.9,80,0,,280,11.2,,1030.7,,3,0
2025-01-26 06:00:00,-11.7,-15.1,76,0,,290,9.4,,1031.1,,3,0
2025-01-26 07:00:00,-12.2,-15.5,76,0,,310,7.6,,1031.4,,3,0
2025-01-26 08:00:00,-13.3,-15.6,83,0,,290,6,,1031.5,,3,0
2025-01-26 09:00:00,-8.9,-13.4,70,0,,290,5.4,,1031.4,,3,0
2025-01-26 10:00:00,-7.2,-13.2,62,0,,290,7.6,,1031.7,,3,0
2025-01-26 11:00:00,-5.6,-13.9,52,0,,260,13,,1031.6,,3,0
2025-01-26 12:00:00,-4.4,-15.1,43,0,,300,16.6,,1031.2,,3,0
2025-01-26 13:00:00,-2.8,-14.5,40,0,,260,11.2,,1030,,3,0
2025-01-26 14:00:00,-1.7,-13.8,39,0,,260,16.6,,1028.8,,3,0
2025-01-26 15:00:00,-0.6,-14.5,34,0,,250,24.1,,1028,,3,0
2025-01-26 16:00:00,-0.6,-14.9,33,0,,260,20.5,,1027.5,,3,0
2025-01-26 17:00:00,-1.7,-14.8,36,0,,260,14.8,,1027.3,,1,0
2025-01-26 18:00:00,-7.2,-13.8,59,0,,260,14.8,,1027.4,,1,0
2025-01-26 19:00:00,-7.8,-14.4,59,0,,230,11.2,,1027.5,,1,0
2025-01-26 20:00:00,-8.9,-14.5,64,0,,250,14.8,,1027.3,,1,0
2025-01-26 21:00:00,-7.8,-14.4,59,0,,240,16.6,,1026.4,,1,0
2025-01-26 22:00:00,-10,-14.9,67,0,,220,14.8,,1025.9,,1,0
2025-01-26 23:00:00,-9.4,-14.9,64,0,,240,9.4,,1025.2,,1,0
2025-01-27 00:00:00,-7.8,-14.4,59,0,,240,14.8,,1024.5,,1,0
2025-01-27 01:00:00,-7.8,-14.4,59,0,,240,16.6,,1023.6,,1,0
2025-01-27 02:00:00,-8.3,-13.9,64,0,,240,16.6,,1022.7,,1,0
2025-01-27 03:00:00,-9.4,-13.8,70,0,,250,16.6,,1022.1,,1,0
2025-01-27 04:00:00,-8.9,-13.4,70,0,,240,16.6,,1021.1,,1,0
2025-01-27 05:00:00,-8.3,-13.3,67,0,,240,20.5,,1020.1,,1,0
2025-01-27 06:00:00,-8.9,-12.8,73,0,,240,16.6,,1019.8,,1,0
2025-01-27 07:00:00,-8.3,-12.8,70,0,,230,18.4,,1019.2,,1,0
2025-01-27 08:00:00,-8.3,-12.1,74,0,,240,16.6,,1018.7,,1,0
2025-01-27 09:00:00,-5.6,-10,71,0,,230,16.6,,1017.3,,1,0
2025-01-27 10:00:00,-0.6,-8.3,56,0,,250,29.5,,1016.2,,1,0
2025-01-27 11:00:00,3.3,-8.4,42,0,,250,35.3,,1015.3,,1,0
2025-01-27 12:00:00,6.1,-12,26,0,,250,42.5,,1013.1,,1,0
2025-01-27 13:00:00,7.8,-12.6,22,0,,250,38.9,,1011.6,,1,0
2025-01-27 14:00:00,8.3,-13.3,20,0,,250,42.5,,1010.3,,2,0
2025-01-27 15:00:00,8.9,-13.5,19,0,,250,38.9,,1009.4,,3,0
2025-01-27 16:00:00,9.4,-12.4,20,0,,270,31.7,,1009.7,,3,0
2025-01-27 17:00:00,8.3,-10.6,25,0,,270,20.5,,1010.1,,3,0
2025-01-27 18:00:00,7.2,-10.1,28,0,,270,22.3,,1010.6,,3,0
2025-01-27 19:00:00,5.6,-9,34,0,,260,22.3,,1010.9,,3,0
2025-01-27 20:00:00,3.9,-8.8,39,0,,280,14.8,,1012,,2,0
2025-01-27 21:00:00,1.1,-8.9,47,0,,300,11.2,,1012.7,,1,0
2025-01-27 22:00:00,2.2,-8.2,46,0,,310,14.8,,1012.9,,1,0
2025-01-27 23:00:00,2.2,-8.2,46,0,,330,14.8,,1013.2,,1,0
2025-01-28 00:00:00,1.7,-7.9,49,0,,330,9.4,,1013.5,,1,0
2025-01-28 01:00:00,-1.1,-7.9,60,0,,270,9.4,,1013.7,,1,0
2025-01-28 02:00:00,-3.9,-7.8,74,0,,300,9.4,,1014.3,,1,0
2025-01-28 03:00:00,-5,-7.7,81,0,,250,13,,1014.6,,1,0
2025-01-28 04:00:00,-6.1,-8.8,81,0,,240,5.4,,1014.1,,1,0
2025-01-28 05:00:00,-6.7,-9.4,81,0,,250,16.6,,1013.8,,1,0
2025-01-28 06:00:00,-6.7,-8.9,84,0,,270,11.2,,1013.7,,1,0
2025-01-28 07:00:00,-6.7,-8.9,84,0,,240,13,,1012.9,,1,0
2025-01-28 08:00:00,-5.6,-8.3,81,0,,250,9.4,,1012.5,,1,0
2025-01-28 09:00:00,-2.2,-6,75,0,,240,16.6,,1011.7,,1,0
2025-01-28 10:00:00,2.8,-5.1,56,0,,250,25.9,,1010.9,,1,0
2025-01-28 11:00:00,5.6,-4.3,49,0,,250,33.5,,1009.9,,2,0
2025-01-28 12:00:00,8.3,-3.9,42,0,,240,38.9,,1008,,2,0
2025-01-28 13:00:00,10.6,-3.1,38,0,,250,37.1,,1006.1,,2,0
2025-01-28 14:00:00,12.2,-4,32,0,,260,42.5,,1004.6,,1,0
2025-01-28 15:00:00,12.8,-4.3,30,0,,270,40.7,,1004.5,,1,0
2025-01-28 16:00:00,12.8,-4.3,30,0,,270,35.3,,1004.5,,1,0
2025-01-28 17:00:00,11.1,-3.8,35,0,,260,29.5,,1004.8,,1,0
2025-01-28 18:00:00,8.3,-3.9,42,0,,270,22.3,,1005.7,,2,0
2025-01-28 19:00:00,7.8,-4,43,0,,280,22.3,,1007.1,,1,0
2025-01-28 20:00:00,8.3,-4.8,39,0,,300,31.7,,1007.6,,2,0
2025-01-28 21:00:00,7.2,-5.5,40,0,,310,25.9,,1008.3,,1,0
2025-01-28 22:00:00,6.1,-5.5,43,0,,310,20.5,,1008.8,,1,0
2025-01-28 23:00:00,7.2,-6.2,38,0,,310,33.5,,1009.6,,1,0
2025-01-29 00:00:00,5.6,-5.7,44,0,,310,27.7,,1010.6,,1,0
2025-01-29 01:00:00,4.4,-5.6,48,0,,310,24.1,,1011.2,,1,0
2025-01-29 02:00:00,2.8,-5.6,54,0,,310,24.1,,1011.7,,1,0
2025-01-29 03:00:00,1.7,-5.7,58,0,,300,16.6,,1012.3,,1,0
2025-01-29 04:00:00,0,-6,64,0,,290,14.8,,1012.5,,1,0
2025-01-29 05:00:00,-0.6,-6.2,66,0,,280,13,,1013.2,,1,0
2025-01-29 06:00:00,-0.6,-6.2,66,0,,270,14.8,,1014.1,,2,0
2025-01-29 07:00:00,-1.7,-6.1,72,0,,280,14.8,,1014.9,,1,0
2025-01-29 08:00:00,-3.3,-6.7,77,0,,250,7.6,,1015.7,,2,0
2025-01-29 09:00:00,0.6,-4.4,69,0,,280,11.2,,1016.5,,1,0
2025-01-29 10:00:00,4.4,-3.8,55,0,,290,18.4,,1016.8,,1,0
2025-01-29 11:00:00,6.7,-3.3,49,0,,290,14.8,,1017.3,,2,0
2025-01-29 12:00:00,8.9,-4,40,0,,280,18.4,,1017.1,,3,0
2025-01-29 13:00:00,10,-5.5,33,0,,290,20.5,,1016.7,,2,0
2025-01-29 14:00:00,11.1,-6.7,28,0,,300,18.4,,1016.2,,3,0
2025-01-29 15:00:00,11.7,-8.2,24,0,,270,16.6,,1016,,3,0
2025-01-29 16:00:00,11.1,-7.7,26,0,,280,16.6,,1015.9,,3,0
2025-01-29 17:00:00,8.3,-6.6,34,0,,250,9.4,,1015.8,,2,0
2025-01-29 18:00:00,0.6,-6.7,58,0,,190,5.4,,1016,,3,0
2025-01-29 19:00:00,-0.6,-6.8,63,0,,210,5.4,,1016,,2,0
2025-01-29 20:00:00,0,-6.6,61,0,,0,0,,1016,,2,0
2025-01-29 21:00:00,-1.7,-6.6,69,0,,0,0,,1015.8,,1,0
2025-01-29 22:00:00,-1.1,-6.6,66,0,,160,7.6,,1015.4,,1,0
2025-01-29 23:00:00,-1.1,-6.6,66,0,,130,5.4,,1015,,1,0
2025-01-30 00:00:00,-1.7,-6.6,69,0,,0,0,,1014.8,,1,0
2025-01-30 01:00:00,-2.2,-7.1,69,0,,130,5.4,,1013.8,,1,0
2025-01-30 02:00:00,-3.9,-7.2,78,0,,0,0,,1013,,1,0
2025-01-30 03:00:00,-5,-7.7,81,0,,170,5.4,,1013.2,,1,0
2025-01-30 04:00:00,-5,-8.2,78,0,,0,0,,1012.7,,1,0
2025-01-30 05:00:00,-4.4,-7.2,81,0,,130,7.6,,1012.6,,1,0
2025-01-30 06:00:00,-3.9,-7.2,78,0,,0,0,,1012.3,,1,0
2025-01-30 07:00:00,-5.6,-7.9,84,0,,150,11.2,,1011.4,,1,0
2025-01-30 08:00:00,-3.3,-6.7,77,0,,160,7.6,,1011.1,,1,0
2025-01-30 09:00:00,-0.6,-4,78,0,,180,11.2,,1012.3,,1,0
2025-01-30 10:00:00,3.3,-2.2,67,0,,0,0,,1012,,2,0
2025-01-30 11:00:00,6.1,-2.3,55,0,,0,0,,1011.2,,1,0
2025-01-30 12:00:00,10,-2.3,42,0,,0,0,,1009.2,,1,0
2025-01-30 13:00:00,12.8,-2.3,35,0,,150,5.4,,1007.5,,3,0
2025-01-30 14:00:00,13.9,-1.7,34,0,,150,7.6,,1007.1,,3,0
2025-01-30 15:00:00,12.8,-0.5,40,0,,160,9.4,,1006.9,,17,0
2025-01-30 16:00:00,11.1,-0.7,44,0,,170,7.6,,1007.4,,3,
2025-01-30 17:00:00,8.3,3.9,74,,,0,0,,1007.7,,3,0
2025-01-30 18:00:00,7.8,4.9,82,0,,10,7.6,,1007.6,,3,0
2025-01-30 19:00:00,7.2,3.3,76,0,,350,9.4,,1007.8,,8,0
2025-01-30 20:00:00,6.1,2.7,79,0,,360,9.4,,1006.7,,8,0
2025-01-30 21:00:00,4.4,2.7,89,0,,160,9.4,,1007.3,,8,0
2025-01-30 22:00:00,5.6,3.3,85,0,,0,0,,1006.9,,7,0
2025-01-30 23:00:00,5,3.3,89,0,,350,11.2,,1005.6,,3,0
2025-01-31 00:00:00,5,3.3,89,0,,160,7.6,,1005.1,,3,0
2025-01-31 01:00:00,5.6,3.9,89,0,,340,9.4,,1004.4,,3,0
2025-01-31 02:00:00,5.6,3.9,89,0,,330,11.2,,1004.3,,3,0
2025-01-31 03:00:00,6.1,4.4,89,0,,360,16.6,,1004.5,,3,0
2025-01-31 04:00:00,6.1,4.4,89,0,,350,13,,1004,,3,0
2025-01-31 05:00:00,6.1,3.9,86,0,,10,13,,1004.1,,7,0
2025-01-31 06:00:00,6.1,2.7,79,0,,10,18.4,,1004.8,,7,0
2025-01-31 07:00:00,5,0.6,73,0,,30,16.6,,1005.1,,8,0
2025-01-31 08:00:00,4.4,-0.6,70,0,,350,20.5,,1006.7,,8,0
2025-01-31 09:00:00,5.6,-1.1,62,0,,10,22.3,,1007.9,,8,0
2025-01-31 10:00:00,5.6,-1.8,59,0,,10,18.4,,1009.3,,3,0
2025-01-31 11:00:00,7.8,-1.7,51,0,,20,22.3,,1010.7,,3,0
2025-01-31 12:00:00,9.4,-1.1,48,0,,10,31.7,,1011.6,,2,0
2025-01-31 13:00:00,10,-1.7,44,0,,360,31.7,,1012,,1,0
2025-01-31 14:00:00,10.6,-3.1,38,0,,20,33.5,,1012.7,,1,0
2025-01-31 15:00:00,11.1,-3.8,35,0,,10,33.5,,1013.8,,1,0
2025-01-31 16:00:00,10.6,-5,33,0,,30,25.9,,1015.1,,1,0
2025-01-31 17:00:00,9.4,-5.7,34,0,,10,25.9,,1016.7,,1,0
2025-01-31 18:00:00,6.7,-5,43,0,,10,11.2,,1018.2,,1,0
2025-01-31 19:00:00,3.3,-5.6,52,0,,360,13,,1019.9,,1,0
2025-01-31 20:00:00,1.7,-5.7,58,0,,350,11.2,,1021,,1,0
2025-01-31 21:00:00,2.2,-5,59,0,,20,13,,1021.7,,1,0
2025-01-31 22:00:00,0.6,-5.6,63,0,,30,9.4,,1022.2,,2,0
2025-01-31 23:00:00,0.6,-5,66,0,,60,9.4,,1022.1,,1,
