time,temp,dwpt,rhum,prcp,snow,wdir,wspd,wpgt,pres,tsun,coco
2024-11-01 00:00:00,0.6,-0.5,92,0,,0,0,,1022.4,,1
2024-11-01 01:00:00,0.6,-0.5,92,0,,0,0,,1022.8,,1
2024-11-01 02:00:00,0,-1.1,92,0,,0,0,,1023,,2
2024-11-01 03:00:00,-0.6,-1.2,96,0,,0,0,,1023.4,,3
2024-11-01 04:00:00,-0.6,-1.7,92,0,,0,0,,1023.9,,3
2024-11-01 05:00:00,-1.1,-2.2,92,0,,0,0,,1024,,5
2024-11-01 06:00:00,-1.1,-2.8,88,0,,0,0,,1024.2,,5
2024-11-01 07:00:00,-1.7,-2.8,92,0,,0,0,,1024,,5
2024-11-01 08:00:00,-1.7,-2.8,92,0,,0,0,,1025.5,,5
2024-11-01 09:00:00,-0.6,-1.2,96,0,,130,5.4,,1026,,5
2024-11-01 10:00:00,2.8,1.6,92,0,,100,5.4,,1026.2,,1
2024-11-01 11:00:00,7.2,3.3,76,0,,150,13,,1026.1,,1
2024-11-01 12:00:00,9.4,3.8,68,0,,160,9.4,,1026.1,,1
2024-11-01 13:00:00,11.1,2.1,54,0,,140,16.6,,1025.4,,1
2024-11-01 14:00:00,12.8,2.9,51,0,,140,11.2,,1024.4,,1
2024-11-01 15:00:00,13.3,3.9,53,0,,160,18.4,,1023.5,,1
2024-11-01 16:00:00,13.9,4.5,53,0,,150,16.6,,1023,,1
2024-11-01 17:00:00,13.3,4.4,55,0,,140,20.5,,1023,,1
2024-11-01 18:00:00,11.7,4.4,61,0,,130,13,,1023.1,,1
2024-11-01 19:00:00,10,3.9,66,0,,130,11.2,,1023.6,,1
2024-11-01 20:00:00,8.3,3.9,74,0,,110,11.2,,1023.6,,1
2024-11-01 21:00:00,6.7,2.8,76,0,,120,9.4,,1023.8,,1
2024-11-01 22:00:00,6.1,2.2,76,0,,130,9.4,,1024.4,,1
2024-11-01 23:00:00,5,1.7,79,0,,110,7.6,,1024.6,,1
2024-11-02 00:00:00,4.4,1.8,83,0,,120,9.4,,1024.7,,1
2024-11-02 01:00:00,3.9,1.1,82,0,,130,7.6,,1024.8,,1
2024-11-02 02:00:00,3.3,1.2,86,0,,120,7.6,,1024.7,,2
2024-11-02 03:00:00,3.9,1.8,86,0,,0,0,,1024.5,,3
2024-11-02 04:00:00,3.9,1.1,82,0,,0,0,,1024.1,,3
2024-11-02 05:00:00,3.9,1.1,82,0,,120,7.6,,1023.9,,3
2024-11-02 06:00:00,3.3,0.5,82,0,,120,9.4,,1023.9,,3
2024-11-02 07:00:00,3.3,0.5,82,0,,120,5.4,,1024.1,,3
2024-11-02 08:00:00,3.3,0.5,82,0,,130,9.4,,1024.1,,3
2024-11-02 09:00:00,3.9,1.1,82,0,,120,5.4,,1024.6,,3
2024-11-02 10:00:00,5.6,2.2,79,0,,130,11.2,,1024.7,,3
2024-11-02 11:00:00,7.8,3.3,73,0,,120,9.4,,1024.7,,3
2024-11-02 12:00:00,8.9,4.3,73,0,,100,9.4,,1024.3,,3
2024-11-02 13:00:00,10,5,71,0,,120,11.2,,1023.5,,3
2024-11-02 14:00:00,11.1,5,66,0,,120,11.2,,1022.9,,3
2024-11-02 15:00:00,12.8,5.7,62,0,,110,13,,1021.7,,3
2024-11-02 16:00:00,13.9,6,59,0,,110,11.2,,1020.7,,3
2024-11-02 17:00:00,13.3,5.7,60,,,140,25.9,,1020.3,,7
2024-11-02 18:00:00,11.1,6.6,74,0.3,,120,14.8,,1020.5,,9
2024-11-02 19:00:00,10,7.8,86,1.8,,130,13,,1020.8,,9
2024-11-02 20:00:00,10,7.8,86,1.8,,130,13,,1020.5,,8
2024-11-02 21:00:00,10,7.8,86,1.5,,130,20.5,,1020.2,,9
2024-11-02 22:00:00,9.4,7.2,86,1.5,,120,20.5,,1019.2,,9
2024-11-02 23:00:00,9.4,7.8,90,1.8,,110,20.5,,1018.5,,9
2024-11-03 00:00:00,9.4,8.3,93,6.1,,110,24.1,,1018.4,,9
2024-11-03 01:00:00,9.4,7.8,90,6.4,,100,20.5,,1016.7,,9
2024-11-03 01:00:00,9.4,8.3,93,0.5,,120,18.4,,1015,,9
2024-11-03 02:00:00,9.4,8.3,93,7.1,,110,20.5,,1014.8,,9
2024-11-03 03:00:00,8.9,7.8,93,0.8,,120,16.6,,1013.7,,9
2024-11-03 04:00:00,8.9,7.8,93,2,,100,16.6,,1012.3,,8
2024-11-03 05:00:00,9.4,8.3,93,,,110,16.6,,1011.7,,8
2024-11-03 06:00:00,10,8.9,93,0.5,,120,18.4,,1010.9,,3
2024-11-03 07:00:00,10,9.4,96,0.8,,120,18.4,,1010.5,,8
2024-11-03 08:00:00,10.6,9.4,92,,,110,18.4,,1010.1,,9
2024-11-03 09:00:00,10.6,9.4,92,,,130,18.4,,1009.6,,9
2024-11-03 10:00:00,11.1,10.6,97,0.8,,110,16.6,,1008,,9
2024-11-03 11:00:00,12.2,10.6,90,1.8,,130,17,,1007.8,,9
2024-11-03 12:00:00,12.2,11.7,97,0.2,,130,13,,1007,,9
2024-11-03 13:00:00,12.8,11.7,93,0.3,,120,18.4,,1005.5,,9
2024-11-03 14:00:00,12.8,11,89,0,,120,16.6,,1005.6,,8
2024-11-03 15:00:00,12.8,11.7,93,0,,130,9.4,,1005.5,,3
2024-11-03 16:00:00,13.3,12.2,93,0,,130,11.2,,1005.7,,3
2024-11-03 17:00:00,13.3,12.2,93,0,,140,14.8,,1005.9,,5
2024-11-03 18:00:00,13.3,12.8,97,0,,150,7.6,,1006.4,,5
2024-11-03 19:00:00,13.3,12.2,93,0,,140,11.2,,1006.8,,5
2024-11-03 20:00:00,13.9,12.8,93,0,,140,11.2,,1007.3,,5
2024-11-03 21:00:00,14.4,13.9,97,0,,140,13,,1006.3,,5
2024-11-03 22:00:00,14.4,13.9,97,0,,160,13,,1006.5,,5
2024-11-03 23:00:00,14.4,14.4,100,0,,140,9.4,,1006.3,,3
2024-11-04 00:00:00,14.4,13.9,97,0,,130,9.4,,1005.9,,3
2024-11-04 01:00:00,15,13.9,93,0,,150,16.6,,1005.9,,8
2024-11-04 02:00:00,15,14.4,96,0,,150,13,,1005.9,,3
2024-11-04 03:00:00,15,13.9,93,0,,150,14.8,,1005.7,,3
2024-11-04 04:00:00,15,13.9,93,0,,140,7.6,,1005.4,,3
2024-11-04 05:00:00,14.4,13.3,93,0,,150,13,,1005.4,,7
2024-11-04 06:00:00,15.6,14,90,0,,160,13,,1006.1,,7
2024-11-04 07:00:00,15,13.9,93,0,,140,13,,1006.1,,3
2024-11-04 08:00:00,15.6,14.5,93,,,160,11.2,,1006.5,,3
2024-11-04 09:00:00,16.1,15,93,0,,170,9.4,,1006.4,,3
2024-11-04 10:00:00,16.1,15,93,1,,200,13,,1007.3,,3
2024-11-04 11:00:00,16.1,15,93,0.8,,240,5.4,,1007.6,,3
2024-11-04 12:00:00,18.3,15.5,84,0,,260,11.2,,1007.1,,8
2024-11-04 13:00:00,17.8,13.9,78,0,,310,16.6,,1007,,3
2024-11-04 14:00:00,17.2,12.7,75,0,,310,16.6,,1007.6,,3
2024-11-04 15:00:00,16.7,12.8,78,0,,320,13,,1007.8,,3
2024-11-04 16:00:00,15.6,12.2,80,0,,333,10.4,,1007.1,,7
2024-11-04 17:00:00,14.4,12.3,87,,,340,13,,1008,,8
2024-11-04 18:00:00,13.9,12.3,90,0.3,,10,13,,1008.6,,9
2024-11-04 19:00:00,12.8,11,89,0.3,,350,20.5,,1008.5,,8
2024-11-04 20:00:00,11.7,9.9,89,0,,40,20.5,,1005.3,,8
2024-11-04 21:00:00,11.7,9.9,89,0,,360,18.4,,1007.3,,8
2024-11-04 22:00:00,11.1,9.4,89,,,360,20.5,,1006.8,,8
2024-11-04 23:00:00,10.6,8.9,89,0.5,,360,24.1,,1006.8,,8
2024-11-05 00:00:00,10.6,8.9,89,1.8,,10,16.6,,1005.9,,3
2024-11-05 01:00:00,10,8.9,93,,,350,18.4,,1006,,8
2024-11-05 02:00:00,10,8.9,93,1.3,,10,18.4,,1005.1,,7
2024-11-05 03:00:00,10,8.9,93,0.5,,20,20.5,,1003.8,,3
2024-11-05 04:00:00,10.6,8.9,89,0.5,,40,13,,1002.7,,3
2024-11-05 05:00:00,10.6,8.9,89,0.5,,30,11.2,,1002.9,,8
2024-11-05 06:00:00,10,9.4,96,1,,20,9.4,,1002.7,,9
2024-11-05 07:00:00,10.6,9.4,92,2.5,,0,0,,1002.3,,5
2024-11-05 08:00:00,10.6,9.4,92,0,,360,5.4,,1002.8,,5
2024-11-05 09:00:00,10.6,9.4,92,,,360,7.6,,1002.9,,9
2024-11-05 10:00:00,11.1,9.4,89,0.8,,310,18.4,,1003,,5
2024-11-05 11:00:00,10.6,9.4,92,0,,320,11.2,,1003.4,,5
2024-11-05 12:00:00,11.7,9.4,86,0,,320,9.4,,1002.6,,3
2024-11-05 13:00:00,11.7,8.9,83,0,,290,20,,1003,,3
2024-11-05 14:00:00,12.2,9.4,83,0,,290,20.5,,1002.8,,3
2024-11-05 15:00:00,11.7,8.9,83,0,,290,20.5,,1003.6,,3
2024-11-05 16:00:00,10,8.3,89,0,,320,22.3,,1005,,5
2024-11-05 17:00:00,9.4,7.2,86,0.3,,330,14.8,,1005.8,,3
2024-11-05 18:00:00,8.9,6.7,86,0,,330,20.5,,1007.1,,3
2024-11-05 19:00:00,8.9,6.2,83,0,,320,18.4,,1008.7,,3
2024-11-05 20:00:00,8.3,6.1,86,0,,310,16.6,,1009.7,,3
2024-11-05 21:00:00,8.3,5.6,83,0,,320,14.8,,1010.7,,3
2024-11-05 22:00:00,7.2,5,86,0,,320,11.2,,1011.7,,3
2024-11-05 23:00:00,7.2,5,86,0,,310,9.4,,1012.5,,1
2024-11-06 00:00:00,5.6,3.9,89,0,,320,7.6,,1012.9,,1
2024-11-06 01:00:00,4.4,2.7,89,0,,300,7.6,,1013.8,,1
2024-11-06 02:00:00,3.3,1.7,89,0,,280,7.6,,1014.5,,3
2024-11-06 03:00:00,2.8,2.2,96,0,,290,7.6,,1015.3,,1
2024-11-06 04:00:00,2.8,2.2,96,0,,320,5.4,,1016.2,,1
2024-11-06 05:00:00,3.3,2.1,92,0,,360,7.6,,1016.7,,1
2024-11-06 06:00:00,2.8,2.2,96,0,,360,9.4,,1017.3,,5
2024-11-06 07:00:00,3.3,3.3,100,0,,360,9.4,,1018,,5
2024-11-06 08:00:00,3.9,3.3,96,0,,20,7.6,,1019.4,,5
2024-11-06 09:00:00,4.4,4,97,0,,10,7.6,,1020.6,,5
2024-11-06 10:00:00,5,4.4,96,0,,90,7.6,,1021.5,,5
2024-11-06 11:00:00,6.1,4.4,89,0,,20,5.4,,1022.2,,5
2024-11-06 12:00:00,7.8,4.9,82,0,,330,5.4,,1022.2,,3
2024-11-06 13:00:00,10,5,71,0,,50,7.6,,1022.1,,3
2024-11-06 14:00:00,11.1,5.6,69,0,,10,11.2,,1022,,3
2024-11-06 15:00:00,11.7,5.6,66,0,,30,9.4,,1022.1,,2
2024-11-06 16:00:00,10.6,4.9,68,0,,40,11.2,,1022.2,,2
2024-11-06 17:00:00,9.4,5,74,0,,70,5.4,,1022.7,,1
2024-11-06 18:00:00,8.3,5.1,80,0,,0,0,,1023.9,,3
2024-11-06 19:00:00,7.2,5,86,0,,0,0,,1024.7,,3
2024-11-06 20:00:00,6.1,4.4,89,0,,90,5.4,,1025.3,,3
2024-11-06 21:00:00,5.6,3.9,89,0,,0,0,,1025.7,,3
2024-11-06 22:00:00,5.6,3.9,89,0,,0,0,,1026.4,,3
2024-11-06 23:00:00,5,4,93,0,,0,0,,1026.4,,3
2024-11-07 00:00:00,4.4,3.4,93,0,,0,0,,1026.5,,3
2024-11-07 01:00:00,4.4,3.4,93,0,,0,0,,1026.8,,5
2024-11-07 02:00:00,3.3,2.7,96,0,,210,5.4,,1027,,5
2024-11-07 03:00:00,3.3,2.1,92,0,,0,0,,1027.4,,5
2024-11-07 04:00:00,2.8,1.6,92,0,,0,0,,1027.8,,5
2024-11-07 05:00:00,2.8,1.6,92,0,,0,0,,1027.9,,5
2024-11-07 06:00:00,2.2,1.6,96,0,,0,0,,1028.3,,5
2024-11-07 07:00:00,2.8,1.6,92,0,,0,0,,1029,,5
2024-11-07 08:00:00,2.8,2.2,96,0,,0,0,,1029.2,,5
2024-11-07 09:00:00,5.6,3.9,89,0,,320,7.6,,1030.1,,2
2024-11-07 10:00:00,10,6.2,77,0,,290,9,,1029.7,,2
2024-11-07 11:00:00,11.1,6,71,0,,260,9.4,,1029.6,,1
2024-11-07 12:00:00,11.1,6,71,0,,280,9.4,,1029.1,,1
2024-11-07 13:00:00,12.8,6.6,66,0,,220,13,,1028,,1
2024-11-07 14:00:00,12.8,6.6,66,0,,220,13,,1027.7,,1
2024-11-07 15:00:00,13.3,6.6,64,0,,250,16.6,,1027.2,,2
2024-11-07 16:00:00,12.8,6.6,66,0,,270,11.2,,1027.3,,1
2024-11-07 17:00:00,11.1,6,71,0,,280,7.6,,1027.2,,1
2024-11-07 18:00:00,7.2,5,86,0,,260,7.6,,1027.4,,1
2024-11-07 19:00:00,6.1,4.4,89,0,,280,7.6,,1027.4,,1
2024-11-07 20:00:00,4.4,2.7,89,0,,260,7.6,,1026.8,,1
2024-11-07 21:00:00,3.9,2.7,92,0,,260,5.4,,1026.4,,2
2024-11-07 22:00:00,3.9,2.7,92,0,,190,5.4,,1026.7,,1
2024-11-07 23:00:00,3.9,2.3,89,0,,0,0,,1026.1,,1
2024-11-08 00:00:00,3.3,2.7,96,0,,270,7.6,,1026.1,,1
2024-11-08 01:00:00,3.3,1.7,89,0,,250,9.4,,1026.4,,5
2024-11-08 02:00:00,2.8,2.2,96,0,,230,7.6,,1025.9,,1
2024-11-08 03:00:00,3.9,2.3,89,0,,260,5.4,,1026,,1
2024-11-08 04:00:00,3.3,1.7,89,0,,260,5.4,,1026.3,,1
2024-11-08 05:00:00,3.3,1.7,89,0,,220,7.6,,1026.6,,1
2024-11-08 06:00:00,3.9,2.3,89,0,,240,9.4,,1026.7,,3
2024-11-08 07:00:00,3.9,2.3,89,0,,320,5.4,,1026.4,,3
2024-11-08 08:00:00,4.4,2.7,89,0,,0,0,,1026.8,,3
2024-11-08 09:00:00,6.7,5,89,0,,220,5.4,,1027.6,,3
2024-11-08 10:00:00,8.3,5.6,83,0,,240,9.4,,1027.3,,3
2024-11-08 11:00:00,10.6,6.2,74,0,,20,7,,1027.1,,3
2024-11-08 12:00:00,13.9,6,59,0,,20,7.6,,1026,,3
2024-11-08 13:00:00,16.1,5.7,50,0,,340,7.6,,1025.1,,3
2024-11-08 14:00:00,16.7,6.2,50,0,,0,0,,1024.4,,3
2024-11-08 15:00:00,17.8,6,46,0,,0,0,,1023.8,,3
2024-11-08 16:00:00,15.6,6.6,55,0,,0,0,,1024.2,,2
2024-11-08 17:00:00,13.9,6,59,0,,0,0,,1023.7,,3
2024-11-08 18:00:00,11.1,6,71,0,,0,0,,1023.9,,3
2024-11-08 19:00:00,8.9,5.6,80,0,,40,5.4,,1023.7,,3
2024-11-08 20:00:00,8.9,4.9,76,0,,160,5.4,,1023.8,,3
2024-11-08 21:00:00,8.9,4.9,76,0,,90,9.4,,1023.6,,3
2024-11-08 22:00:00,8.9,4.9,76,0,,110,7.6,,1023.5,,3
2024-11-08 23:00:00,9.4,5,74,0,,80,11.2,,1023,,3
2024-11-09 00:00:00,8.3,5.1,80,0,,120,9.4,,1022.6,,3
2024-11-09 01:00:00,8.9,5.6,80,0,,100,9.4,,1021.8,,3
2024-11-09 02:00:00,7.8,4.9,82,0,,120,5.4,,1021.7,,3
2024-11-09 03:00:00,8.3,5.1,80,0,,90,9.4,,1021.2,,3
2024-11-09 04:00:00,7.8,4.9,82,0,,120,7.6,,1020.8,,3
2024-11-09 05:00:00,8.9,5.6,80,0,,100,9.4,,1020.4,,3
2024-11-09 06:00:00,8.9,5.6,80,0,,90,11.2,,1019.9,,3
2024-11-09 07:00:00,8.3,6.1,86,0.5,,100,9.4,,1020.3,,3
2024-11-09 08:00:00,8.9,6.2,83,0.3,,90,16.6,,1019.5,,8
2024-11-09 09:00:00,8.9,6.2,83,0.8,,110,18.4,,1018.8,,9
2024-11-09 10:00:00,9.4,6.1,80,,,110,16.6,,1017.7,,8
2024-11-09 11:00:00,10,6.2,77,1,,120,22.3,,1017.1,,5
2024-11-09 12:00:00,8.9,6.7,86,0.8,,120,20.5,,1016.5,,3
2024-11-09 13:00:00,8.9,7.2,89,0.8,,130,29.5,,1014.9,,5
2024-11-09 14:00:00,8.9,7.8,93,0.3,,130,22.3,,1014,,5
2024-11-09 15:00:00,9.4,8.3,93,,,130,24.1,,1013,,3
2024-11-09 16:00:00,9.4,7.8,90,0,,140,20.5,,1012.6,,5
2024-11-09 17:00:00,9.4,8.3,93,0,,130,24.1,,1012.2,,5
2024-11-09 18:00:00,9.4,8.3,93,0,,130,22.3,,1011.9,,3
2024-11-09 19:00:00,10,8.3,89,0,,150,20.5,,1012.2,,3
2024-11-09 20:00:00,10,8.9,93,0,,160,18.4,,1012.2,,3
2024-11-09 21:00:00,10,8.9,93,0,,140,16.6,,1011.2,,3
2024-11-09 22:00:00,10,8.9,93,0,,150,16.6,,1010.5,,3
2024-11-09 23:00:00,10.6,9.4,92,0,,150,16.6,,1009.8,,9
2024-11-10 00:00:00,10.6,9.4,92,0,,160,20.5,,1009,,3
2024-11-10 01:00:00,10.6,9.4,92,0,,150,22.3,,1008.2,,3
2024-11-10 02:00:00,10.6,9.4,92,0,,140,22.3,,1007.1,,3
2024-11-10 03:00:00,10.6,9.4,92,0,,140,18.4,,1006.8,,8
2024-11-10 04:00:00,10.6,9.4,92,0,,150,16.6,,1005.8,,3
2024-11-10 05:00:00,10,8.9,93,0,,160,11.2,,1005.8,,8
2024-11-10 06:00:00,10,7.2,83,0,,200,11.2,,1005.7,,8
2024-11-10 07:00:00,9.4,7.8,90,1.3,,230,14.8,,1006.1,,3
2024-11-10 08:00:00,9.4,7.2,86,,,250,20.5,,1007,,3
2024-11-10 09:00:00,9.4,6.7,83,0.3,,260,27.7,,1007.6,,3
2024-11-10 10:00:00,10.6,8.4,86,0,,270,29.5,,1008.7,,3
2024-11-10 11:00:00,12.2,8.3,77,0,,290,22.3,,1009.2,,7
2024-11-10 12:00:00,13.3,8.4,72,0,,290,29.5,,1009.6,,3
2024-11-10 13:00:00,14.4,7.7,64,0,,300,27.7,,1010,,2
2024-11-10 14:00:00,13.3,7.1,66,0,,300,29.5,,1010.1,,2
2024-11-10 15:00:00,11.7,6.6,71,0,,300,20.5,,1011.3,,2
2024-11-10 16:00:00,11.7,7.2,74,0,,280,24.1,,1012.1,,3
2024-11-10 17:00:00,11.1,6.6,74,0,,260,18.4,,1012.6,,1
2024-11-10 18:00:00,8.9,6.2,83,0,,250,14.8,,1013.3,,1
2024-11-10 19:00:00,8.3,5.6,83,0,,260,14.8,,1013.9,,1
2024-11-10 20:00:00,8.9,6.2,83,0,,250,13,,1014.2,,1
2024-11-10 21:00:00,8.3,6.1,86,0,,260,14.8,,1014.3,,1
2024-11-10 22:00:00,6.7,5,89,0,,250,13,,1014.4,,1
2024-11-10 23:00:00,6.7,4.4,85,0,,240,13,,1014.4,,1
2024-11-11 00:00:00,5.6,3.9,89,0,,250,13,,1014.4,,1
2024-11-11 01:00:00,5.6,3.9,89,0,,240,11.2,,1014.4,,1
2024-11-11 02:00:00,5.6,3.3,85,0,,250,14.8,,1014.6,,1
2024-11-11 03:00:00,6.7,4.4,85,0,,270,18.4,,1015.1,,1
2024-11-11 04:00:00,6.7,4.4,85,0,,290,14.8,,1015.5,,1
2024-11-11 05:00:00,7.2,5,86,0,,310,13,,1016,,1
2024-11-11 06:00:00,6.1,3.9,86,0,,300,13,,1016.7,,1
2024-11-11 07:00:00,6.1,2.7,79,0,,330,24.1,,1017.5,,1
2024-11-11 08:00:00,5.6,2.2,79,0,,330,29.5,,1018.6,,1
2024-11-11 09:00:00,5,1.1,76,0,,350,27.7,,1020,,1
2024-11-11 10:00:00,6.1,0.6,68,0,,350,31.7,,1020.8,,2
2024-11-11 11:00:00,6.7,0.6,65,0,,350,31.7,,1021.4,,2
2024-11-11 12:00:00,7.8,1.2,63,0,,340,27.7,,1021.3,,3
2024-11-11 13:00:00,8.3,1,60,0,,330,27.7,,1021,,1
2024-11-11 14:00:00,8.9,1.1,58,0,,340,22.3,,1020.9,,3
2024-11-11 15:00:00,10,1.6,56,0,,360,24.1,,1020.6,,2
2024-11-11 16:00:00,7.8,1.2,63,0,,360,22.3,,1021.4,,3
2024-11-11 17:00:00,6.7,1.2,68,0,,10,16.6,,1021.5,,3
2024-11-11 18:00:00,5,1.1,76,0,,350,11.2,,1022.2,,3
2024-11-11 19:00:00,3.9,0.6,79,0,,360,11.2,,1022.4,,3
2024-11-11 20:00:00,2.8,0,82,0,,340,5.4,,1022.8,,1
2024-11-11 21:00:00,1.7,-0.5,85,0,,340,7.6,,1023.1,,1
2024-11-11 22:00:00,2.2,-0.6,82,0,,340,7.6,,1023.4,,1
2024-11-11 23:00:00,1.7,-0.5,85,0,,360,7.6,,1023.6,,1
2024-11-12 00:00:00,1.1,-1.1,85,0,,0,0,,1023.6,,1
2024-11-12 01:00:00,1.7,-1.7,78,0,,80,11.2,,1023.7,,1
2024-11-12 02:00:00,1.1,-2.1,79,0,,100,9.4,,1024.3,,1
2024-11-12 03:00:00,1.1,-2.1,79,0,,110,7.6,,1024.4,,1
2024-11-12 04:00:00,0,-2.9,81,0,,100,7.6,,1024.6,,1
2024-11-12 05:00:00,0,-2.9,81,0,,100,9.4,,1025,,1
2024-11-12 06:00:00,0,-2.9,81,0,,90,7.6,,1025.3,,1
2024-11-12 07:00:00,-0.6,-3.3,82,0,,130,9.4,,1025.5,,1
2024-11-12 08:00:00,0.6,-2.1,82,0,,130,11.2,,1025.4,,1
2024-11-12 09:00:00,2.8,-1,76,0,,120,22.3,,1024.9,,1
2024-11-12 10:00:00,5,0.6,73,0,,130,25.9,,1024.7,,1
2024-11-12 11:00:00,7.8,1.2,63,0,,130,20.5,,1024,,1
2024-11-12 12:00:00,8.9,0.6,56,0,,140,25.9,,1023,,1
2024-11-12 13:00:00,10,1.1,54,0,,120,22.3,,1021.6,,1
2024-11-12 14:00:00,10.6,1.2,52,0,,140,22.3,,1020.7,,1
2024-11-12 15:00:00,10.6,2.2,56,0,,130,29.5,,1019.9,,1
2024-11-12 16:00:00,10.6,2.2,56,0,,130,22.3,,1019.4,,1
2024-11-12 17:00:00,9.4,2.3,61,0,,120,20.5,,1018.8,,1
2024-11-12 18:00:00,8.3,2.7,68,0,,120,18.4,,1018.5,,1
2024-11-12 19:00:00,7.8,2.9,71,0,,120,20.5,,1018.2,,1
2024-11-12 20:00:00,7.2,2.9,74,0,,130,27.7,,1018.1,,1
2024-11-12 21:00:00,6.1,2.2,76,0,,140,25.9,,1018.5,,1
2024-11-12 22:00:00,5,2.2,82,0,,130,20.5,,1018.7,,1
2024-11-12 23:00:00,4.4,1.8,83,0,,120,16.6,,1018.2,,1
2024-11-13 00:00:00,4.4,1.8,83,0,,120,20.5,,1018.2,,1
2024-11-13 01:00:00,4.4,1.8,83,0,,120,16.6,,1018,,1
2024-11-13 02:00:00,3.9,1.8,86,0,,120,16.6,,1017,,3
2024-11-13 03:00:00,3.9,2.3,89,0,,120,18.4,,1016.1,,3
2024-11-13 04:00:00,4.4,2.3,86,0,,130,24.1,,1015.4,,3
2024-11-13 05:00:00,4.4,2.3,86,0,,120,13,,1015.4,,3
2024-11-13 06:00:00,4.4,2.7,89,0,,130,16.6,,1015.6,,3
2024-11-13 07:00:00,4.4,2.3,86,0,,130,18.4,,1015.6,,3
2024-11-13 08:00:00,4.4,2.7,89,0,,120,20.5,,1014.5,,3
2024-11-13 09:00:00,5.6,3.3,85,0,,140,20.5,,1014.1,,3
2024-11-13 10:00:00,6.1,3.3,82,0,,140,18.4,,1013.7,,3
2024-11-13 11:00:00,6.1,3.9,86,1.5,,140,14.8,,1013.1,,3
2024-11-13 12:00:00,6.1,4.4,89,2.5,,100,13,,1011.4,,3
2024-11-13 13:00:00,6.7,5.6,93,2,,120,9.4,,1010.5,,7
2024-11-13 14:00:00,7.2,5.7,90,0.3,,110,16.6,,1009.4,,7
2024-11-13 15:00:00,7.2,5.7,90,0,,120,11.2,,1009.9,,3
2024-11-13 16:00:00,7.8,6.1,89,0,,100,9.4,,1009.5,,7
2024-11-13 17:00:00,7.2,6.1,93,1.3,,0,0,,1009.7,,8
2024-11-13 18:00:00,7.2,6.1,93,2.5,,30,5.4,,1009.9,,8
2024-11-13 19:00:00,7.2,6.1,93,1,,40,9.4,,1010,,8
2024-11-13 20:00:00,7.2,6.1,93,1.8,,20,11.2,,1009.6,,8
2024-11-13 21:00:00,7.2,5.7,90,2,,10,11.2,,1009.9,,8
2024-11-13 22:00:00,6.7,5.6,93,0.8,,10,13,,1009.3,,5
2024-11-13 23:00:00,6.7,5.6,93,,,330,14.8,,1009.8,,5
2024-11-14 00:00:00,6.7,5.6,93,0,,330,16.6,,1010.6,,5
2024-11-14 01:00:00,7.2,5.7,90,0,,310,20.5,,1010.7,,5
2024-11-14 02:00:00,7.2,5.7,90,0,,330,18.4,,1011.3,,3
2024-11-14 03:00:00,7.2,6.1,93,0,,320,16.6,,1011.8,,3
2024-11-14 04:00:00,7.2,6.1,93,0,,320,20.5,,1012.3,,5
2024-11-14 05:00:00,7.2,6.1,93,0,,350,18.4,,1012.6,,3
2024-11-14 06:00:00,7.2,5.7,90,0,,320,16.6,,1013.1,,3
2024-11-14 07:00:00,7.2,5.7,90,0,,310,18.4,,1014.2,,5
2024-11-14 08:00:00,7.2,5.7,90,0,,320,13,,1015,,3
2024-11-14 09:00:00,7.8,6.1,89,0,,300,16.6,,1015.6,,3
2024-11-14 10:00:00,8.3,5.6,83,0,,310,20,,1015.9,,3
2024-11-14 11:00:00,8.3,5.1,80,0,,310,16.6,,1016.3,,3
2024-11-14 12:00:00,8.3,5.1,80,0,,310,14.8,,1016.3,,3
2024-11-14 13:00:00,8.3,5.1,80,0,,280,14.8,,1016.3,,3
2024-11-14 14:00:00,8.3,5.1,80,0,,280,14.8,,1016.3,,3
2024-11-14 15:00:00,8.3,5.1,80,0,,280,9.4,,1016.1,,3
2024-11-14 16:00:00,8.3,5.1,80,0,,280,9.4,,1016.6,,1
2024-11-14 17:00:00,7.8,4.4,79,0,,310,5.4,,1016.4,,1
2024-11-14 18:00:00,6.1,3.9,86,0,,0,0,,1016.8,,1
2024-11-14 19:00:00,3.9,2.7,92,0,,0,0,,1017.2,,1
2024-11-14 20:00:00,2.2,1,92,0,,220,5.4,,1018.1,,5
2024-11-14 21:00:00,1.1,-0.1,92,0,,0,0,,1018,,5
2024-11-14 22:00:00,0.6,0.6,100,0,,150,5.4,,1018.3,,5
2024-11-14 23:00:00,1.7,0.5,92,0,,0,0,,1018.3,,5
2024-11-15 00:00:00,1.7,0.5,92,0,,150,5.4,,1018.4,,5
2024-11-15 01:00:00,0,-0.6,96,0,,160,5.4,,1018.3,,5
2024-11-15 02:00:00,0.6,0,96,0,,130,9.4,,1018.4,,5
2024-11-15 03:00:00,0.6,0.6,100,0,,160,5.4,,1018.1,,5
2024-11-15 04:00:00,0.6,0,96,0,,120,9.4,,1018.3,,5
2024-11-15 05:00:00,1.1,0.5,96,0,,140,7.6,,1018.8,,5
2024-11-15 06:00:00,1.7,0.5,92,0,,130,9.4,,1019.1,,5
2024-11-15 07:00:00,1.1,0.5,96,0,,130,5.4,,1019.3,,5
2024-11-15 08:00:00,1.1,0.5,96,0,,140,9.4,,1020.1,,5
2024-11-15 09:00:00,1.7,1.7,100,0,,130,7.6,,1020.2,,5
2024-11-15 10:00:00,3.3,2.7,96,0,,140,9.4,,1020.5,,5
2024-11-15 11:00:00,6.7,5,89,0,,150,7.6,,1020.3,,1
2024-11-15 12:00:00,10,5.6,74,0,,140,5.4,,1019.3,,1
2024-11-15 13:00:00,13.3,6.6,64,0,,160,11.2,,1018.4,,1
2024-11-15 14:00:00,15.6,6.6,55,0,,160,15,,1017.6,,1
2024-11-15 15:00:00,15.6,6.1,53,0,,160,14.8,,1017.2,,1
2024-11-15 16:00:00,15,6.8,58,0,,140,14.8,,1017,,1
2024-11-15 17:00:00,12.2,6.7,69,0,,110,11.2,,1016.6,,1
2024-11-15 18:00:00,10,5.6,74,0,,120,13,,1016.4,,1
2024-11-15 19:00:00,8.9,5.6,80,0,,130,14.8,,1016,,1
2024-11-15 20:00:00,8.3,5.6,83,0,,130,13,,1016.1,,1
2024-11-15 21:00:00,8.3,5.6,83,0,,130,13,,1015.7,,2
2024-11-15 22:00:00,7.8,4.9,82,0,,140,16.6,,1015.7,,3
2024-11-15 23:00:00,6.7,4.4,85,0,,140,13,,1015.7,,3
2024-11-16 00:00:00,5.6,3.9,89,0,,130,9.4,,1015.4,,3
2024-11-16 01:00:00,5,4,93,0,,150,11.2,,1015.3,,3
2024-11-16 02:00:00,4.4,3.4,93,0,,140,16.6,,1014.6,,3
2024-11-16 03:00:00,5,3.3,89,0,,140,14.8,,1014.7,,3
2024-11-16 04:00:00,4.4,2.7,89,0,,140,18.4,,1014,,3
2024-11-16 05:00:00,5,2.9,86,0,,140,14.8,,1013.7,,3
2024-11-16 06:00:00,5.6,3.3,85,0,,140,20.5,,1013.1,,3
2024-11-16 07:00:00,6.1,3.9,86,0,,140,25.9,,1013.2,,3
2024-11-16 08:00:00,6.1,3.9,86,0,,140,29.5,,1012.8,,3
2024-11-16 09:00:00,7.2,4.3,82,0,,140,27.7,,1012,,3
2024-11-16 10:00:00,10,5.6,74,0,,150,33.5,,1011.5,,3
2024-11-16 11:00:00,11.7,6,68,0,,150,35.3,,1010.8,,3
2024-11-16 12:00:00,13.9,6.7,62,0,,160,33.5,,1009.3,,1
2024-11-16 13:00:00,14.4,6.7,60,0,,150,44.6,,1007.8,,1
2024-11-16 14:00:00,14.4,6.7,60,0,,160,31.7,,1007.3,,2
2024-11-16 15:00:00,13.9,6,59,0,,160,40.7,,1006.7,,3
2024-11-16 16:00:00,12.2,6,66,0,,160,25.9,,1007.7,,8
2024-11-16 17:00:00,11.1,6,71,0,,140,29.5,,1007.1,,7
2024-11-16 18:00:00,11.1,6,71,,,200,24.1,,1009,,3
2024-11-16 19:00:00,10,6.2,77,0,,160,24.1,,1008.3,,3
2024-11-16 20:00:00,9.4,6.1,80,0,,140,18.4,,1008.4,,2
2024-11-16 21:00:00,9.4,6.1,80,0,,140,14.8,,1007.9,,3
2024-11-16 22:00:00,9.4,6.1,80,0,,150,18.4,,1007.9,,3
2024-11-16 23:00:00,10.6,6.7,77,0,,160,16.6,,1008.2,,3
2024-11-17 00:00:00,10,6.7,80,0,,160,13,,1008.4,,3
2024-11-17 01:00:00,9.4,6.1,80,0,,140,7.6,,1008.3,,2
2024-11-17 02:00:00,7.8,5.6,86,0,,150,7.6,,1008.5,,3
2024-11-17 03:00:00,7.8,5.6,86,0,,220,13,,1009.5,,3
2024-11-17 04:00:00,8.9,5.6,80,0,,310,18.4,,1010.2,,3
2024-11-17 05:00:00,7.2,2.9,74,0,,320,18.4,,1010.6,,3
2024-11-17 06:00:00,5.6,1.1,73,0,,330,16.6,,1012.2,,2
2024-11-17 07:00:00,5,1.1,76,0,,350,13,,1011.8,,3
2024-11-17 08:00:00,5.6,1.1,73,0,,300,7.6,,1013.4,,3
2024-11-17 09:00:00,6.1,2.2,76,0,,270,9.4,,1013.9,,3
2024-11-17 10:00:00,8.3,1,60,0,,0,0,,1013.7,,3
2024-11-17 11:00:00,8.9,1.1,58,0,,0,0,,1013.9,,3
2024-11-17 12:00:00,10,2.1,58,0,,0,0,,1013.3,,3
2024-11-17 13:00:00,11.1,2.9,57,0,,300,5.4,,1012.6,,3
2024-11-17 14:00:00,11.1,2.1,54,0,,300,5.4,,1012.6,,3
2024-11-17 15:00:00,11.7,2.7,54,0,,240,5.4,,1012.9,,3
2024-11-17 16:00:00,11.7,3.2,56,0,,0,0,,1012.6,,3
2024-11-17 17:00:00,8.9,3.3,68,0,,190,5.4,,1013.4,,3
2024-11-17 18:00:00,5.6,1.7,76,0,,0,0,,1013.7,,1
2024-11-17 19:00:00,3.3,0.5,82,0,,170,11.2,,1013,,1
2024-11-17 20:00:00,3.9,1.8,86,0,,0,0,,1013.3,,1
2024-11-17 21:00:00,3.9,1.8,86,0,,0,0,,1012.7,,1
2024-11-17 22:00:00,2.2,0.6,89,0,,0,0,,1012.8,,1
2024-11-17 23:00:00,3.9,1.8,86,0,,0,0,,1013.1,,1
2024-11-18 00:00:00,2.2,0.6,89,0,,0,0,,1012.3,,2
2024-11-18 01:00:00,3.9,2.3,89,0,,0,0,,1011.9,,3
2024-11-18 02:00:00,5,3.3,89,0,,0,0,,1011.4,,3
2024-11-18 03:00:00,6.1,5.1,93,0,,0,0,,1010.7,,3
2024-11-18 04:00:00,7.2,5.7,90,0,,0,0,,1009.7,,3
2024-11-18 05:00:00,7.8,5.6,86,0,,0,0,,1009.4,,3
2024-11-18 06:00:00,8.3,6.1,86,0,,110,7.6,,1009.7,,5
2024-11-18 07:00:00,8.3,7.2,93,0,,70,13,,1008.2,,5
2024-11-18 08:00:00,8.9,7.8,93,0,,90,9.4,,1008,,5
2024-11-18 09:00:00,9.4,8.3,93,0.3,,90,9.4,,1007.2,,8
2024-11-18 10:00:00,10,8.9,93,2.8,,90,13,,1005.7,,9
2024-11-18 11:00:00,10.6,9.4,92,1.3,,100,16.6,,1004.5,,8
2024-11-18 12:00:00,11.7,10.6,93,0.8,,100,20.5,,1002.9,,9
2024-11-18 13:00:00,12.2,11.1,93,1.8,,110,20.5,,1000.5,,9
2024-11-18 14:00:00,13.3,12.2,93,1.3,,110,20.5,,998.6,,9
2024-11-18 15:00:00,14.4,13.3,93,,,120,27.7,,996.4,,8
2024-11-18 16:00:00,15.6,14.5,93,1.5,,120,24.1,,995.2,,7
2024-11-18 17:00:00,16.1,14.5,90,0.3,,130,33.5,,993.9,,9
2024-11-18 18:00:00,16.1,15,93,0.3,,140,27.7,,992.5,,9
2024-11-18 19:00:00,16.1,15,93,1.3,,130,31.7,,990.3,,8
2024-11-18 20:00:00,16.7,15.6,93,4.1,,140,37.1,,988.8,,9
2024-11-18 21:00:00,16.1,15,93,2,,160,31.7,,987.4,,9
2024-11-18 22:00:00,15.6,12.7,83,,,150,31.7,,986.7,,8
2024-11-18 23:00:00,15,12.1,83,0,,150,35.3,,985.7,,8
2024-11-19 00:00:00,13.9,12.3,90,1,,180,31.7,,986.5,,9
2024-11-19 01:00:00,11.7,9.9,89,0.3,,190,29.5,,986.8,,3
2024-11-19 02:00:00,11.1,8.8,86,,,210,25.9,,987.3,,3
2024-11-19 03:00:00,11.1,8.8,86,0,,200,22.3,,987.9,,3
2024-11-19 04:00:00,11.1,9.4,89,0,,230,29.5,,988.9,,3
2024-11-19 05:00:00,11.1,8.3,83,0,,260,38.9,,990.9,,3
2024-11-19 06:00:00,11.1,7.8,80,0,,260,40.7,,992.6,,3
2024-11-19 07:00:00,9.4,5.6,77,0,,270,35.3,,994.9,,2
2024-11-19 08:00:00,8.3,3.4,71,0,,260,37.1,,996.6,,1
2024-11-19 09:00:00,8.9,4.3,73,0,,260,37.1,,998.3,,1
2024-11-19 10:00:00,9.4,4.4,71,0,,270,38.9,,1000.3,,1
2024-11-19 11:00:00,9.4,3.8,68,0,,270,35.3,,1001.9,,1
2024-11-19 12:00:00,10,3.9,66,0,,280,25.9,,1002.5,,1
2024-11-19 13:00:00,11.1,4.3,63,0,,260,35.3,,1003.4,,1
2024-11-19 14:00:00,11.1,3.9,61,0,,270,29.5,,1003.9,,1
2024-11-19 15:00:00,11.1,3.4,59,0,,270,31.7,,1005.3,,1
2024-11-19 16:00:00,10.6,2.2,56,0,,280,31.7,,1006.2,,1
2024-11-19 17:00:00,8.9,2.2,63,0,,270,16.6,,1007.5,,1
2024-11-19 18:00:00,7.8,2.3,68,0,,270,16.6,,1008.2,,3
2024-11-19 19:00:00,6.7,1.6,70,0,,280,13,,1009.8,,3
2024-11-19 20:00:00,5.6,2.2,79,0,,250,9.4,,1010.5,,3
2024-11-19 21:00:00,6.1,1.6,73,0,,270,13,,1010.4,,3
2024-11-19 22:00:00,5,1.1,76,0,,250,9.4,,1010.8,,3
2024-11-19 23:00:00,4.4,1.1,79,0,,270,11.2,,1011.1,,3
2024-11-20 00:00:00,3.9,0.1,76,0,,260,13,,1011,,3
2024-11-20 01:00:00,3.3,-1.1,73,0,,240,11.2,,1010.9,,3
2024-11-20 02:00:00,1.7,-2.3,75,0,,240,9.4,,1010.6,,3
2024-11-20 03:00:00,1.1,-2.8,75,0,,240,14.8,,1010.8,,3
2024-11-20 04:00:00,1.7,-3.4,69,0,,250,18.4,,1010.8,,1
2024-11-20 05:00:00,1.7,-3.4,69,0,,250,14.8,,1010.7,,1
2024-11-20 06:00:00,2.2,-3.9,64,0,,260,20.5,,1010.8,,2
2024-11-20 07:00:00,2.8,-4,61,0,,280,27.7,,1011.1,,2
2024-11-20 08:00:00,1.7,-4,66,0,,290,25.9,,1011.7,,3
2024-11-20 09:00:00,2.8,-2.7,67,0,,280,25.9,,1011.5,,3
2024-11-20 10:00:00,2.2,-5,59,,,290,46.4,,1012.1,,3
2024-11-20 11:00:00,2.8,-5.1,56,0,,300,38.9,,1012.8,,3
2024-11-20 12:00:00,2.8,-5.1,56,0,,280,44.6,,1012.2,,3
2024-11-20 13:00:00,2.2,-6.1,54,0,,290,42.5,,1012.4,,3
2024-11-20 14:00:00,1.7,-5,61,,,290,27.7,,1012.7,,3
2024-11-20 15:00:00,2.2,-3.9,64,,,300,31.7,,1013.1,,3
2024-11-20 16:00:00,1.7,-4.4,64,0,,290,40.7,,1013.7,,3
2024-11-20 17:00:00,1.1,-3.9,69,0,,290,27.7,,1013.8,,3
2024-11-20 18:00:00,1.7,-4.4,64,0,,300,35.3,,1013.9,,3
2024-11-20 19:00:00,1.7,-4.4,64,0,,300,31.7,,1013.3,,3
2024-11-20 20:00:00,1.1,-4.9,64,0,,310,37.1,,1013.3,,3
2024-11-20 21:00:00,1.1,-5.6,61,0,,310,44.6,,1013.3,,3
2024-11-20 22:00:00,0.6,-5.6,63,0,,310,27.7,,1013.6,,3
2024-11-20 23:00:00,0,-6,64,0,,310,37.1,,1013.9,,3
2024-11-21 00:00:00,-0.6,-6.2,66,0,,320,44.6,,1014.2,,3
2024-11-21 01:00:00,-0.6,-5.6,69,0,,320,35.3,,1014.5,,3
2024-11-21 02:00:00,-0.6,-5.6,69,0,,310,40.7,,1015.2,,3
2024-11-21 03:00:00,-0.6,-5,72,0,,310,29.5,,1015.7,,3
2024-11-21 04:00:00,-0.6,-5,72,0,,330,37.1,,1016.5,,3
2024-11-21 05:00:00,-0.6,-5,72,0,,320,35.3,,1017.3,,3
2024-11-21 06:00:00,-0.6,-5,72,0,,320,27.7,,1017.9,,3
2024-11-21 07:00:00,0,-4.4,72,0,,320,31.7,,1018.2,,3
2024-11-21 08:00:00,0,-4.4,72,0,,330,29.5,,1019.1,,3
2024-11-21 09:00:00,0.6,-3.9,72,0,,320,24.1,,1019.4,,3
2024-11-21 10:00:00,1.7,-4,66,0,,310,33.5,,1019.4,,3
2024-11-21 11:00:00,3.3,-3.3,62,0,,300,31.7,,1019.8,,3
2024-11-21 12:00:00,3.9,-3.4,59,0,,300,31.7,,1019,,3
2024-11-21 13:00:00,5,-2.8,57,0,,310,33.5,,1018.8,,3
2024-11-21 14:00:00,5,-2.1,60,0,,300,38.9,,1018.7,,2
2024-11-21 15:00:00,5,-2.1,60,0,,300,37.1,,1019.1,,3
2024-11-21 16:00:00,4.4,-2.2,62,0,,320,37.1,,1019.7,,1
2024-11-21 17:00:00,3.9,-2.3,64,0,,330,24.1,,1019.9,,2
2024-11-21 18:00:00,3.3,-2.2,67,0,,320,20.5,,1020.8,,3
2024-11-21 19:00:00,2.8,-2.7,67,0,,330,20.5,,1021,,3
2024-11-21 20:00:00,2.2,-2.7,70,0,,330,25.9,,1021.2,,3
2024-11-21 21:00:00,2.2,-2.7,70,0,,340,25.9,,1021.4,,2
2024-11-21 22:00:00,2.2,-2.1,73,0,,310,25.9,,1021.1,,3
2024-11-21 23:00:00,1.7,-2.3,75,0,,340,22.3,,1021.4,,3
2024-11-22 00:00:00,1.7,-2.3,75,0,,330,22.3,,1021.7,,3
2024-11-22 01:00:00,1.1,-2.1,79,0,,330,22.3,,1021.3,,3
2024-11-22 02:00:00,1.1,-2.1,79,0,,330,22.3,,1021.9,,3
2024-11-22 03:00:00,1.1,-2.1,79,0,,330,20.5,,1022.4,,3
2024-11-22 04:00:00,0,-2.2,85,0,,330,20.5,,1022.5,,3
2024-11-22 05:00:00,0,-2.2,85,0,,330,20.5,,1022.6,,3
2024-11-22 06:00:00,0,-2.9,81,0,,330,13,,1022.8,,3
2024-11-22 07:00:00,-0.6,-2.8,85,0,,330,14.8,,1022.9,,3
2024-11-22 08:00:00,-0.6,-2.8,85,0,,10,18.4,,1023.4,,3
2024-11-22 09:00:00,-0.6,-2.8,85,0,,310,16.6,,1024,,3
2024-11-22 10:00:00,-0.6,-2.8,85,0,,310,16.6,,1023.8,,3
2024-11-22 11:00:00,-0.6,-2.8,85,0,,310,18.4,,1023.7,,3
2024-11-22 12:00:00,0,-2.9,81,0,,320,16.6,,1022.9,,3
2024-11-22 13:00:00,0.6,-2.1,82,0,,340,13,,1022.2,,3
2024-11-22 14:00:00,1.1,-2.1,79,0,,310,14.8,,1022,,3
2024-11-22 15:00:00,3.3,-1.6,70,0,,350,9.4,,1021,,3
2024-11-22 16:00:00,3.9,-1.7,67,0,,340,11.2,,1020.8,,3
2024-11-22 17:00:00,2.2,-2.1,73,0,,350,11.2,,1021.5,,3
2024-11-22 18:00:00,1.1,-2.1,79,0,,360,9.4,,1021.6,,3
2024-11-22 19:00:00,0.6,-2.8,78,0,,0,0,,1021.2,,3
2024-11-22 20:00:00,-1.1,-3.3,85,0,,0,0,,1020.8,,3
2024-11-22 21:00:00,-1.1,-2.8,88,0,,0,0,,1020.7,,3
2024-11-22 22:00:00,-2.2,-3.3,92,0,,250,5.4,,1020.4,,3
2024-11-22 23:00:00,-3.3,-5,88,0,,0,0,,1020.3,,3
2024-11-23 00:00:00,-2.8,-4.4,89,0,,0,0,,1020.1,,3
2024-11-23 01:00:00,-2.8,-4.4,89,0,,250,9.4,,1020,,3
2024-11-23 02:00:00,-2.2,-4.4,85,0,,0,0,,1019.3,,3
2024-11-23 03:00:00,-2.8,-5,85,0,,0,0,,1019.7,,3
2024-11-23 04:00:00,-3.3,-4.4,92,0,,0,0,,1019.8,,3
2024-11-23 05:00:00,-3.9,-5.6,88,0,,0,0,,1019.8,,3
2024-11-23 06:00:00,-3.9,-5.6,88,0,,160,5.4,,1019.1,,1
2024-11-23 07:00:00,-3.9,-5,92,0,,50,5.4,,1019.4,,3
2024-11-23 08:00:00,-3.3,-5,88,0,,0,0,,1019.8,,3
2024-11-23 09:00:00,-1.1,-2.8,88,0,,140,9.4,,1019.4,,3
2024-11-23 10:00:00,2.8,0.5,85,0,,150,9.4,,1019.3,,3
2024-11-23 11:00:00,5,0.6,73,0,,170,9.4,,1018.7,,3
2024-11-23 12:00:00,6.1,1,70,0,,130,11.2,,1017.4,,3
2024-11-23 13:00:00,8.3,1,60,0,,140,13,,1016,,3
2024-11-23 14:00:00,9.4,0.6,54,0,,150,16.6,,1015.3,,1
2024-11-23 15:00:00,9.4,0.6,54,0,,130,14.8,,1014.3,,3
2024-11-23 16:00:00,8.9,0.1,54,0,,130,14.8,,1013.9,,3
2024-11-23 17:00:00,7.2,0.6,63,0,,120,13,,1013.3,,3
2024-11-23 18:00:00,6.1,0.6,68,0,,120,11.2,,1012.9,,3
2024-11-23 19:00:00,6.1,0.6,68,0,,120,13,,1012.5,,3
2024-11-23 20:00:00,5.6,0.6,70,0,,130,13,,1012.4,,3
2024-11-23 21:00:00,4.4,0,73,0,,140,9.4,,1012.1,,3
2024-11-23 22:00:00,3.9,0.1,76,0,,120,9.4,,1011.9,,3
2024-11-23 23:00:00,3.9,0.6,79,0,,110,7.6,,1011.8,,3
2024-11-24 00:00:00,3.3,0,79,0,,110,7.6,,1010.7,,3
2024-11-24 01:00:00,3.3,0,79,0,,120,11.2,,1009.5,,3
2024-11-24 02:00:00,3.3,0,79,0,,130,14.8,,1008.4,,3
2024-11-24 03:00:00,3.3,0,79,0,,130,11.2,,1008.3,,3
2024-11-24 04:00:00,2.2,-0.6,82,0,,130,11.2,,1007.5,,3
2024-11-24 05:00:00,2.2,-0.6,82,0,,120,9.4,,1006.9,,3
2024-11-24 06:00:00,1.7,-0.5,85,0,,120,7.6,,1007,,3
2024-11-24 07:00:00,1.1,-0.7,88,0,,110,7.6,,1006.7,,3
2024-11-24 08:00:00,1.7,-0.5,85,0,,90,7.6,,1006.8,,3
2024-11-24 09:00:00,3.9,1.1,82,0,,100,9.4,,1006.6,,3
2024-11-24 10:00:00,7.8,2.3,68,0,,100,9.4,,1006.4,,3
2024-11-24 11:00:00,10,3.3,63,0,,140,14.8,,1006.2,,3
2024-11-24 12:00:00,11.1,3.9,61,0,,140,9.4,,1005.4,,3
2024-11-24 13:00:00,12.2,4.4,59,0,,0,0,,1004.7,,3
2024-11-24 14:00:00,13.3,4.4,55,0,,0,0,,1003.9,,3
2024-11-24 15:00:00,13.3,5,57,0,,50,5.4,,1004.7,,2
2024-11-24 16:00:00,13.3,5,57,0,,90,7.6,,1005.5,,3
2024-11-24 17:00:00,12.2,4.9,61,0,,20,5.4,,1006.2,,1
2024-11-24 18:00:00,11.7,5.1,64,0,,20,9.4,,1007.1,,2
2024-11-24 19:00:00,11.1,5,66,0,,10,9.4,,1007.5,,3
2024-11-24 20:00:00,10,5,71,0,,360,9.4,,1007.9,,3
2024-11-24 21:00:00,9.4,5,74,0,,340,14.8,,1008.9,,3
2024-11-24 22:00:00,8.3,4.3,76,0,,340,22.3,,1009.5,,3
2024-11-24 23:00:00,7.8,3.8,76,0,,340,33.5,,1010.3,,3
2024-11-25 00:00:00,7.2,4,80,0,,350,20.5,,1010.9,,3
2024-11-25 01:00:00,6.7,3.8,82,0,,340,22.3,,1011.2,,3
2024-11-25 02:00:00,6.1,3.3,82,0,,320,31.7,,1012.4,,3
2024-11-25 03:00:00,5,2.9,86,0,,340,27.7,,1012.9,,3
2024-11-25 04:00:00,4.4,1.8,83,0,,340,31.7,,1013.2,,3
2024-11-25 05:00:00,3.3,0.5,82,0,,340,27.7,,1014.6,,3
2024-11-25 06:00:00,2.2,-0.1,85,0,,330,27.7,,1016,,3
2024-11-25 07:00:00,1.7,-1,82,0,,330,27.7,,1017.1,,3
2024-11-25 08:00:00,1.7,-1.7,78,0,,330,27.7,,1018.2,,3
2024-11-25 09:00:00,1.1,-2.1,79,0,,320,31.7,,1019.3,,3
2024-11-25 10:00:00,1.1,-3.9,69,0,,320,37.1,,1020.5,,3
2024-11-25 11:00:00,1.1,-4.3,67,0,,320,33.5,,1021.1,,3
2024-11-25 12:00:00,1.1,-4.3,67,0,,320,29.5,,1021,,3
2024-11-25 13:00:00,2.2,-4.3,62,0,,320,27.7,,1021,,3
2024-11-25 14:00:00,3.3,-7.8,44,0,,310,31.7,,1021.2,,1
2024-11-25 15:00:00,2.8,-7.7,46,0,,310,27.7,,1021.9,,1
2024-11-25 16:00:00,2.2,-7.7,48,0,,310,29.5,,1023.2,,1
2024-11-25 17:00:00,0.6,-8.4,51,0,,300,20.5,,1023.6,,1
2024-11-25 18:00:00,-0.6,-7.8,58,0,,300,16.6,,1024.5,,1
2024-11-25 19:00:00,-1.7,-7.8,63,0,,290,16.6,,1025,,1
2024-11-25 20:00:00,-1.7,-8.2,61,0,,300,20.5,,1025.2,,1
2024-11-25 21:00:00,-2.2,-8.3,63,0,,310,18.4,,1025.5,,1
2024-11-25 22:00:00,-3.3,-8.9,65,0,,300,14.8,,1025.9,,1
2024-11-25 23:00:00,-3.9,-8.9,68,0,,290,13,,1026.2,,1
2024-11-26 00:00:00,-5,-8.9,74,0,,290,13,,1026.4,,1
2024-11-26 01:00:00,-5.6,-9.3,75,0,,270,11.2,,1026,,1
2024-11-26 02:00:00,-6.1,-8.8,81,0,,260,9.4,,1025.7,,1
2024-11-26 03:00:00,-7.2,-9.4,84,0,,260,9.4,,1025.3,,1
2024-11-26 04:00:00,-7.2,-10.1,80,0,,240,11.2,,1024.9,,1
2024-11-26 05:00:00,-7.2,-9.4,84,0,,0,0,,1024.4,,2
2024-11-26 06:00:00,-7.8,-10.6,80,0,,0,0,,1023.8,,3
2024-11-26 07:00:00,-7.8,-10,84,0,,150,5.4,,1023.7,,1
2024-11-26 08:00:00,-6.7,-10,77,0,,0,0,,1023.5,,1
2024-11-26 09:00:00,-4.4,-7.8,77,0,,110,5.4,,1023.6,,1
2024-11-26 10:00:00,-1.1,-6.6,66,0,,150,11.2,,1022.8,,3
2024-11-26 11:00:00,2.2,-5.7,56,0,,150,14.8,,1022,,3
2024-11-26 12:00:00,3.9,-6.1,48,0,,210,16.6,,1020.9,,3
2024-11-26 13:00:00,5,-5.1,48,0,,170,14.8,,1019.4,,3
2024-11-26 14:00:00,5.6,-4.3,49,0,,200,16.6,,1018.1,,3
2024-11-26 15:00:00,5.6,-4,50,0,,160,18.4,,1017.5,,3
2024-11-26 16:00:00,4.4,-3.8,55,0,,170,13,,1017.5,,3
2024-11-26 17:00:00,3.3,-3.9,59,0,,150,13,,1016.8,,3
2024-11-26 18:00:00,3.3,-3.9,59,0,,150,16.6,,1016.2,,3
2024-11-26 19:00:00,2.8,-4,61,0,,140,14.8,,1016.1,,3
2024-11-26 20:00:00,2.8,-4,61,0,,170,14.8,,1016,,3
2024-11-26 21:00:00,2.2,-3.3,67,0,,150,11.2,,1015.5,,3
2024-11-26 22:00:00,2.2,-3.3,67,0,,140,7.6,,1015.2,,3
2024-11-26 23:00:00,2.2,-2.7,70,0,,130,7.6,,1014.6,,3
2024-11-27 00:00:00,1.7,-3.4,69,0,,120,7.6,,1014,,3
2024-11-27 01:00:00,1.7,-2.8,72,0,,130,5.4,,1013.5,,3
2024-11-27 02:00:00,1.7,-2.8,72,0,,0,0,,1013.1,,3
2024-11-27 03:00:00,1.7,-2.8,72,0,,80,5.4,,1013,,3
2024-11-27 04:00:00,1.1,-2.8,75,0,,60,5.4,,1012.6,,3
2024-11-27 05:00:00,0,-3.4,78,0,,100,5.4,,1012.1,,3
2024-11-27 06:00:00,0,-3.4,78,0,,60,5.4,,1012.6,,3
2024-11-27 07:00:00,-0.6,-3.3,82,0,,60,5.4,,1012.6,,3
2024-11-27 08:00:00,-0.6,-3.3,82,0,,0,0,,1012,,3
2024-11-27 09:00:00,0,-2.9,81,0,,10,9.4,,1013.2,,3
2024-11-27 10:00:00,1.1,-2.8,75,0,,20,11.2,,1013.3,,3
2024-11-27 11:00:00,2.2,-2.7,70,0,,30,14.8,,1013,,3
2024-11-27 12:00:00,3.3,-2.2,67,0,,50,13,,1012.9,,3
2024-11-27 13:00:00,4.4,-2.7,60,0,,30,14.8,,1012.3,,3
2024-11-27 14:00:00,4.4,-2.7,60,0,,30,16.6,,1011.9,,3
2024-11-27 15:00:00,4.4,-2.7,60,0,,360,18.4,,1012.3,,3
2024-11-27 16:00:00,3.3,-3.3,62,0,,360,20.5,,1013,,3
2024-11-27 17:00:00,1,-4,69,0,,350,13,,1014,,3
2024-11-27 18:00:00,0.6,-4.4,69,0,,350,13,,1015,,3
2024-11-27 19:00:00,-1.7,-5.5,75,0,,340,27.7,,1016.3,,3
2024-11-27 20:00:00,-2.2,-6,75,0,,350,29.5,,1016.8,,1
2024-11-27 21:00:00,-2.8,-6.8,74,0,,340,29.5,,1017.2,,3
2024-11-27 22:00:00,-2.8,-6.8,74,0,,340,25.9,,1017.7,,3
2024-11-27 23:00:00,-2.8,-6.8,74,0,,340,22.3,,1017.7,,3
2024-11-28 00:00:00,-2.8,-6.1,78,0,,340,22.3,,1018.3,,3
2024-11-28 01:00:00,-2.2,-6,75,0,,340,24.1,,1018.2,,3
2024-11-28 02:00:00,-2.2,-6,75,0,,320,18.4,,1018.6,,3
2024-11-28 03:00:00,-2.2,-6,75,0,,330,14.8,,1019,,3
2024-11-28 04:00:00,-2.8,-6.8,74,0,,340,14.8,,1019.1,,3
2024-11-28 05:00:00,-2.8,-6.8,74,0,,340,20.5,,1019.3,,3
2024-11-28 06:00:00,-3.3,-7.3,74,0,,310,18.4,,1020,,3
2024-11-28 07:00:00,-3.3,-7.8,71,0,,310,14.8,,1020.8,,3
2024-11-28 08:00:00,-3.3,-7.8,71,0,,310,14.8,,1021.4,,3
2024-11-28 09:00:00,-3.3,-8.9,65,0,,320,24.1,,1022.4,,3
2024-11-28 10:00:00,-2.8,-8.9,63,0,,320,22.3,,1022.8,,3
2024-11-28 11:00:00,-1.7,-7.8,63,0,,320,24.1,,1023.2,,3
2024-11-28 12:00:00,-1.1,-7.2,63,0,,300,25.9,,1022.7,,3
2024-11-28 13:00:00,-0.6,-7.2,61,0,,310,24.1,,1022.1,,3
2024-11-28 14:00:00,0,-7.7,56,0,,310,25.9,,1022,,3
2024-11-28 15:00:00,-0.6,-6.8,63,0,,300,18.4,,1022.2,,3
2024-11-28 16:00:00,-0.6,-7.8,58,0,,300,29.5,,1022.6,,3
2024-11-28 17:00:00,-1.7,-7.8,63,0,,300,27.7,,1023.5,,3
2024-11-28 18:00:00,-2.8,-8.9,63,0,,310,27.7,,1024.2,,3
2024-11-28 19:00:00,-3.3,-9.3,63,0,,310,18.4,,1024.4,,3
2024-11-28 20:00:00,-4.4,-10,65,0,,320,18.4,,1024.8,,1
2024-11-28 21:00:00,-6.1,-11,68,0,,310,33.5,,1025.5,,1
2024-11-28 22:00:00,-6.7,-11.6,68,0,,310,25.9,,1025.8,,1
2024-11-28 23:00:00,-7.2,-12.8,64,0,,310,24.1,,1026,,1
2024-11-29 00:00:00,-8.3,-12.8,70,0,,310,25.9,,1026.1,,1
2024-11-29 01:00:00,-8.3,-13.3,67,0,,310,24.1,,1025.8,,1
2024-11-29 02:00:00,-8.9,-13.4,70,0,,300,20.5,,1025.8,,1
2024-11-29 03:00:00,-9.4,-13.8,70,0,,310,20.5,,1026.6,,1
2024-11-29 04:00:00,-10,-13.9,73,0,,300,13,,1026.5,,1
2024-11-29 05:00:00,-10,-14.9,67,,,310,22.3,,1026.8,,1
2024-11-29 06:00:00,-11.1,-15.6,69,0,,310,16.6,,1027.4,,1
2024-11-29 07:00:00,-11.7,-16.1,70,0,,310,18.4,,1028.2,,1
2024-11-29 08:00:00,-11.7,-16.1,70,0,,290,20.5,,1028.7,,1
2024-11-29 09:00:00,-10.6,-15.5,67,0,,300,25.9,,1029.1,,1
2024-11-29 10:00:00,-8.9,-15.6,58,0,,300,24.1,,1029,,1
2024-11-29 11:00:00,-7.8,-15.5,54,0,,300,24.1,,1029.1,,1
2024-11-29 12:00:00,-6.7,-15.6,49,0,,300,24.1,,1028.3,,1
2024-11-29 13:00:00,-5,-15.1,45,0,,300,20.5,,1027.2,,1
2024-11-29 14:00:00,-4.4,-15.1,43,0,,270,20.5,,1026.7,,1
2024-11-29 15:00:00,-4.4,-15.1,43,0,,280,25.9,,1026.2,,1
2024-11-29 16:00:00,-4.4,-15.7,41,0,,290,18.4,,1026.4,,1
2024-11-29 17:00:00,-5.6,-15.6,45,0,,300,13,,1026.3,,1
2024-11-29 18:00:00,-6.7,-14.9,52,0,,300,9.4,,1026.3,,1
2024-11-29 19:00:00,-7.2,-14.9,54,0,,280,11.2,,1026.6,,1
2024-11-29 20:00:00,-7.2,-14.9,54,0,,300,14.8,,1026.9,,1
2024-11-29 21:00:00,-8.3,-14.3,62,0,,300,11.2,,1026.9,,1
2024-11-29 22:00:00,-10,-14.9,67,0,,300,11.2,,1026.8,,1
2024-11-29 23:00:00,-10.6,-15,70,0,,270,11.2,,1026.8,,1
2024-11-30 00:00:00,-10.6,-15,70,0,,300,9.4,,1027,,1
2024-11-30 01:00:00,-11.1,-15,73,0,,310,9.4,,1026.9,,3
2024-11-30 02:00:00,-11.1,-15.6,69,0,,330,11.2,,1026.9,,3
2024-11-30 03:00:00,-11.1,-15.6,69,0,,350,16.6,,1027,,3
2024-11-30 04:00:00,-11.7,-16.8,66,0,,360,25.9,,1026.7,,3
2024-11-30 05:00:00,-12.2,-17.2,66,0,,350,20.5,,1026.9,,3
2024-11-30 06:00:00,-12.2,-17.2,66,0,,350,14.8,,1027.1,,3
2024-11-30 07:00:00,-12.2,-17.2,66,0,,340,14.8,,1027.1,,3
2024-11-30 08:00:00,-12.2,-17.2,66,0,,340,13,,1027.4,,3
2024-11-30 09:00:00,-10.6,-16.6,61,0,,350,13,,1027.4,,3
2024-11-30 10:00:00,-9.4,-16.1,58,0,,330,13,,1027.7,,3
2024-11-30 11:00:00,-7.8,-16.2,51,0,,340,13,,1027,,3
2024-11-30 12:00:00,-5.6,-15.6,45,0,,310,11.2,,1025.9,,3
2024-11-30 13:00:00,-4.4,-16.6,38,0,,310,18.4,,1025.5,,1
2024-11-30 14:00:00,-3.3,-16.6,35,0,,300,9.4,,1024.7,,3
2024-11-30 15:00:00,-3.9,-16.1,38,0,,300,18.4,,1025.1,,3
2024-11-30 16:00:00,-3.9,-16.1,38,0,,300,24.1,,1025.3,,3
2024-11-30 17:00:00,-5,-15.9,42,0,,310,14.8,,1025.2,,3
2024-11-30 18:00:00,-5.6,-15.6,45,0,,310,11.2,,1025.5,,3
2024-11-30 19:00:00,-6.7,-15.6,49,0,,310,11.2,,1025.3,,3
2024-11-30 20:00:00,-8.9,-15,61,0,,280,9.4,,1025.7,,3
2024-11-30 21:00:00,-8.3,-15.5,56,0,,290,9.4,,1025.9,,2
2024-11-30 22:00:00,-7.8,-15.5,54,0,,310,11.2,,1026,,1
2024-11-30 23:00:00,-9.4,-15.5,61,0,,270,9.4,,1026.1,,3
